ČÍSLO FAKTURY;IČO SPOLEČNOSTI;ČÁSTKA (V CELÝCH KČ)
190000;18581928;1926695
190001;33828139;-14823
190002;01846359;1547664
190003;9831829;1949455
190004;02838109;329226
190005;33828139;192679
190006;18539217;1658709
190007;9831829;2369880
190008;05159822;2497434
190009;18539217;458592
190010;33828139;1214326
190011;67821984;1089483
190012;9831829;133067
190013;01846359;2078905
190014;67821984;2603965
190015;33828139;1080498
190016;18581928;242850
190017;05159822;2037086
190018;01846359;1948573
190019;05159822;1636266
190020;18539217;600691
190021;33828139;2650525
190022;9831829;1073079
190023;92019399;775297
190024;9831829;1673907
190025;18539217;1056507
190026;33828139;1729967
190027;18539217;130750
190028;18581928;237806
190029;18539217;2464243
190030;18539217;1927771
190031;02838109;2127607
190032;18539217;1033933
190033;05159822;277147
190034;01846359;2019575
190035;05159822;1080629
190036;01846359;455972
190037;92019399;2494484
190038;67821984;831469
190039;18539217;1194159
190040;05159822;2924268
190041;06230932;101091
190042;06230932;1921022
190043;67821984;2553571
190044;02838109;34446
190045;67821984;303568
190046;33828139;1244796
190047;9831829;2541771
190048;05159822;458856
190049;33828139;625850
190050;05159822;2529298
190051;05159822;1533045
190052;33828139;2000254
190053;18581928;2314838
190054;02838109;1420161
190055;33828139;2731793
190056;05159822;1679594
190057;92019399;607974
190058;06230932;2687904
190059;05159822;-1984
190060;9831829;2699342
190061;92019399;2292771
190062;92019399;1037409
190063;33828139;125963
190064;02838109;150152
190065;67821984;2435
190066;18581928;2072405
190067;18581928;1108292
190068;18539217;586974
190069;9831829;1881408
190070;06230932;2863394
190071;33828139;1716257
190072;06230932;1573612
190073;67821984;1755461
190074;02838109;874909
190075;92019399;1956642
190076;33828139;2717472
190077;18581928;1082413
190078;33828139;2653566
190079;02838109;765340
190080;02838109;1775384
190081;92019399;576791
190082;02838109;449060
190083;18539217;1638610
190084;92019399;1276782
190085;18581928;2592966
190086;67821984;1527590
190087;33828139;430561
190088;02838109;1329534
190089;06230932;1888881
190090;9831829;304415
190091;06230932;1291189
190092;18581928;2905253
190093;02838109;2766657
190094;05159822;1258469
190095;05159822;2763387
190096;18539217;112900
190097;9831829;2115455
190098;67821984;2483928
190099;92019399;2001824
190100;18539217;2646084
190101;18581928;1732601
190102;05159822;264911
190103;01846359;2200637
190104;92019399;838489
190105;06230932;205825
190106;9831829;323962
190107;01846359;2450960
190108;18539217;2825128
190109;18581928;1340453
190110;67821984;1336094
190111;01846359;2760059
190112;67821984;2529612
190113;06230932;453639
190114;01846359;152357
190115;92019399;531539
190116;33828139;2578560
190117;33828139;862221
190118;9831829;1801835
190119;33828139;2380014
190120;67821984;2823462
190121;05159822;1155215
190122;67821984;1343051
190123;02838109;1871942
190124;05159822;1746609
190125;18581928;2666411
190126;18581928;2369791
190127;02838109;2453493
190128;9831829;2862346
190129;18539217;489512
190130;18581928;817314
190131;06230932;1215977
190132;18539217;643372
190133;18539217;2595050
190134;33828139;2674387
190135;33828139;528760
190136;18539217;2282589
190137;33828139;931930
190138;18539217;185788
190139;92019399;33844
190140;18539217;751926
190141;92019399;1467424
190142;18581928;2307570
190143;9831829;2293467
190144;92019399;2098511
190145;05159822;1348713
190146;06230932;1109778
190147;18539217;584366
190148;92019399;1177242
190149;18581928;2136440
190150;9831829;281196
190151;92019399;2165341
190152;18581928;234542
190153;18581928;425830
190154;92019399;894658
190155;18581928;2263143
190156;18539217;2435874
190157;33828139;1236423
190158;06230932;1589495
190159;67821984;977783
190160;9831829;2401872
190161;18581928;2401635
190162;18539217;2244195
190163;9831829;432874
190164;06230932;1576075
190165;33828139;2522167
190166;33828139;686557
190167;92019399;2077629
190168;33828139;242503
190169;18581928;1211992
190170;05159822;2108698
190171;02838109;381809
190172;01846359;1180962
190173;33828139;376316
190174;9831829;2679511
190175;05159822;960401
190176;18539217;1260006
190177;67821984;2504661
190178;01846359;322263
190179;67821984;859229
190180;06230932;1210069
190181;02838109;998884
190182;01846359;2669786
190183;02838109;269383
190184;92019399;2835853
190185;05159822;1848853
190186;05159822;1174771
190187;33828139;128621
190188;01846359;1061502
190189;01846359;1817114
190190;01846359;929816
190191;01846359;2782680
190192;33828139;668877
190193;33828139;2679175
190194;33828139;566778
190195;06230932;1958693
190196;06230932;1884222
190197;02838109;1165155
190198;9831829;1648743
190199;06230932;604746
190200;06230932;1989028
190201;67821984;1597837
190202;67821984;1065782
190203;02838109;2806284
190204;9831829;907167
190205;18539217;1645046
190206;18581928;884046
190207;18581928;2021177
190208;01846359;2852953
190209;33828139;924195
190210;18539217;85491
190211;05159822;2944630
190212;18539217;593811
190213;06230932;2142950
190214;9831829;1185927
190215;06230932;478440
190216;92019399;593698
190217;06230932;1194259
190218;92019399;911250
190219;05159822;2175270
190220;02838109;210487
190221;02838109;1250910
190222;02838109;2301543
190223;67821984;431398
190224;01846359;1015171
190225;01846359;2461480
190226;18581928;200076
190227;18539217;879598
190228;92019399;1530567
190229;67821984;2591610
190230;06230932;1933473
190231;05159822;619639
190232;9831829;1459931
190233;9831829;2570648
190234;18539217;2261035
190235;18581928;205537
190236;9831829;1849511
190237;18581928;2933634
190238;05159822;554890
190239;18539217;904882
190240;02838109;2177082
190241;06230932;2051218
190242;01846359;1524457
190243;67821984;1658191
190244;92019399;87824
190245;06230932;535277
190246;02838109;2220514
190247;92019399;2990873
190248;05159822;1309298
190249;67821984;1722823
190250;01846359;1654873
190251;18581928;2736706
190252;01846359;1469542
190253;05159822;2629263
190254;67821984;305124
190255;01846359;818005
190256;92019399;2946519
190257;92019399;481725
190258;18581928;2792201
190259;05159822;120049
190260;9831829;2556287
190261;18539217;993735
190262;18581928;2689392
190263;18581928;1783048
190264;9831829;743422
190265;33828139;1811865
190266;05159822;417685
190267;05159822;2494527
190268;92019399;2425152
190269;33828139;1720075
190270;92019399;1754031
190271;67821984;352092
190272;06230932;441750
190273;33828139;468583
190274;67821984;1454344
190275;92019399;2499903
190276;33828139;2290402
190277;33828139;73990
190278;18539217;2475487
190279;18581928;492304
190280;01846359;554477
190281;9831829;2025463
190282;05159822;731170
190283;06230932;2126381
190284;9831829;2820292
190285;02838109;157860
190286;01846359;1149264
190287;05159822;1406214
190288;18581928;896813
190289;06230932;857922
190290;18539217;1612050
190291;02838109;786567
190292;02838109;1865559
190293;67821984;55205
190294;67821984;1451395
190295;02838109;2173222
190296;05159822;2512162
190297;9831829;2826416
190298;92019399;2295601
190299;33828139;2722573
190300;67821984;2038338
190301;33828139;154938
190302;67821984;1107644
190303;33828139;1431713
190304;92019399;2636691
190305;01846359;2977098
190306;67821984;2503522
190307;02838109;2384254
190308;05159822;2206833
190309;05159822;647996
190310;01846359;2760245
190311;67821984;357867
190312;67821984;1849508
190313;02838109;2651827
190314;18581928;1706203
190315;01846359;78239
190316;18539217;2512066
190317;06230932;1054775
190318;06230932;2613254
190319;02838109;2758225
190320;67821984;1785009
190321;9831829;1885791
190322;18581928;1325742
190323;33828139;2118356
190324;92019399;1157945
190325;33828139;2740690
190326;18581928;1414937
190327;01846359;2347338
190328;18581928;2373875
190329;67821984;1057735
190330;02838109;2312140
190331;33828139;606909
190332;18539217;2101121
190333;9831829;2045254
190334;9831829;1302557
190335;9831829;2275179
190336;33828139;1916941
190337;06230932;40163
190338;67821984;2364470
190339;06230932;2494306
190340;05159822;1196701
190341;06230932;2428989
190342;18539217;2546656
190343;67821984;810719
190344;05159822;931753
190345;01846359;1631846
190346;67821984;2193726
190347;05159822;179069
190348;67821984;2804447
190349;92019399;1809898
190350;33828139;1651313
190351;02838109;762609
190352;02838109;484900
190353;18539217;1605518
190354;18581928;2870511
190355;33828139;1467849
190356;02838109;1388750
190357;02838109;860920
190358;18581928;2203606
190359;33828139;992046
190360;9831829;129569
190361;01846359;722606
190362;18539217;2299911
190363;01846359;1553612
190364;18539217;2177131
190365;01846359;2171985
190366;01846359;1278198
190367;02838109;40822
190368;01846359;2056843
190369;05159822;2469878
190370;01846359;2417393
190371;01846359;1452677
190372;92019399;2274838
190373;33828139;2162370
190374;06230932;1795708
190375;06230932;359319
190376;05159822;349222
190377;9831829;-19288
190378;18539217;2786690
190379;06230932;631805
190380;92019399;1204835
190381;9831829;-18341
190382;01846359;2614605
190383;9831829;1348077
190384;05159822;203023
190385;33828139;1789948
190386;18581928;1932059
190387;02838109;2549474
190388;9831829;2603945
190389;33828139;1933375
190390;18539217;2475745
190391;67821984;2275179
190392;06230932;2724371
190393;02838109;1964615
190394;06230932;220000
190395;92019399;2049990
190396;18581928;1235171
190397;33828139;1487880
190398;18539217;676234
190399;33828139;36215
190400;05159822;2096331
190401;05159822;2757997
190402;92019399;1479501
190403;67821984;155115
190404;02838109;1350911
190405;01846359;2025998
190406;92019399;205951
190407;67821984;1991634
190408;02838109;1671764
190409;33828139;380558
190410;33828139;1015799
190411;33828139;1438627
190412;92019399;2298842
190413;9831829;314974
190414;67821984;2961457
190415;06230932;1184819
190416;05159822;228944
190417;33828139;567168
190418;05159822;744242
190419;02838109;1585495
190420;18539217;125429
190421;92019399;1418002
190422;06230932;1424650
190423;18581928;2960263
190424;67821984;1919391
190425;92019399;-13474
190426;18539217;2468525
190427;05159822;1176705
190428;18581928;1995526
190429;18539217;2278989
190430;01846359;2931954
190431;02838109;532795
190432;06230932;333702
190433;18539217;2296487
190434;06230932;1416589
190435;67821984;991879
190436;05159822;1598479
190437;01846359;1388568
190438;18581928;378710
190439;92019399;1657840
190440;92019399;5567
190441;05159822;687240
190442;02838109;2176277
190443;02838109;2155785
190444;02838109;2858639
190445;01846359;214531
190446;06230932;221775
190447;67821984;2897096
190448;18581928;314844
190449;06230932;132571
190450;02838109;1471829
190451;67821984;1834300
190452;02838109;814026
190453;18581928;1950603
190454;06230932;448314
190455;06230932;2511575
190456;67821984;204341
190457;01846359;1543250
190458;67821984;231163
190459;92019399;2469482
190460;67821984;1114762
190461;06230932;1646487
190462;02838109;556049
190463;01846359;447945
190464;18581928;2779087
190465;33828139;2298948
190466;9831829;1490270
190467;06230932;227744
190468;02838109;1935534
190469;33828139;1144889
190470;33828139;2584565
190471;06230932;2357136
190472;06230932;2462564
190473;18581928;2858099
190474;92019399;1455816
190475;18581928;114325
190476;06230932;2413480
190477;01846359;2291041
190478;67821984;2595509
190479;67821984;858418
190480;9831829;1054860
190481;18539217;1126510
190482;18581928;1221552
190483;67821984;54246
190484;18539217;2834405
190485;01846359;1039851
190486;92019399;1812618
190487;67821984;359616
190488;18539217;2344226
190489;67821984;897336
190490;18581928;489891
190491;18539217;300595
190492;05159822;1059384
190493;9831829;64805
190494;06230932;937672
190495;9831829;649479
190496;92019399;804785
190497;06230932;2829649
190498;92019399;2768548
190499;05159822;2288919
190500;01846359;2027042
190501;06230932;1156499
190502;06230932;1246043
190503;02838109;371664
190504;33828139;81515
190505;33828139;1959814
190506;05159822;2149084
190507;67821984;2736015
190508;67821984;2297163
190509;18539217;2129395
190510;9831829;2923748
190511;18539217;2136664
190512;33828139;1382254
190513;06230932;1815569
190514;18581928;-19161
190515;18539217;1274194
190516;92019399;2263911
190517;02838109;35565
190518;05159822;2775202
190519;05159822;2176774
190520;18539217;1036585
190521;67821984;2940651
190522;18581928;905841
190523;9831829;1821372
190524;67821984;1063856
190525;92019399;624253
190526;06230932;2246589
190527;01846359;1286774
190528;05159822;1927538
190529;9831829;2367749
190530;33828139;2879269
190531;02838109;2563857
190532;18539217;1999736
190533;9831829;2142973
190534;06230932;2639260
190535;05159822;166823
190536;9831829;991116
190537;02838109;1377269
190538;33828139;701118
190539;33828139;2009490
190540;9831829;563229
190541;92019399;821262
190542;9831829;2143790
190543;02838109;1834906
190544;18581928;2582133
190545;92019399;2103943
190546;9831829;661505
190547;92019399;306784
190548;01846359;2780616
190549;05159822;629685
190550;02838109;2444709
190551;33828139;2218117
190552;05159822;2235693
190553;9831829;2551906
190554;92019399;1352454
190555;18539217;2861004
190556;01846359;916808
190557;06230932;2997651
190558;05159822;1965147
190559;67821984;2713067
190560;67821984;974907
190561;33828139;1655075
190562;67821984;2397003
190563;02838109;1478245
190564;01846359;269153
190565;05159822;2593851
190566;05159822;1933956
190567;01846359;547255
190568;92019399;1853185
190569;92019399;2154534
190570;33828139;2308724
190571;9831829;2116932
190572;92019399;892500
190573;18581928;2355052
190574;05159822;303200
190575;9831829;489074
190576;9831829;1787894
190577;05159822;520220
190578;05159822;86727
190579;33828139;2190735
190580;92019399;1813002
190581;06230932;471445
190582;05159822;1771939
190583;05159822;762774
190584;05159822;297388
190585;9831829;1841248
190586;33828139;2463027
190587;01846359;526477
190588;9831829;339837
190589;67821984;94400
190590;05159822;1073894
190591;67821984;2693543
190592;06230932;2829188
190593;67821984;646072
190594;67821984;2305333
190595;18539217;576469
190596;02838109;253738
190597;18581928;2094593
190598;06230932;357871
190599;18539217;1795446
190600;9831829;2712318
190601;18581928;713613
190602;05159822;2519740
190603;18539217;570244
190604;05159822;1614121
190605;33828139;939065
190606;18581928;1357053
190607;02838109;2318813
190608;18581928;2700753
190609;18539217;2587815
190610;18539217;972436
190611;02838109;2942453
190612;18539217;1045486
190613;06230932;61553
190614;18539217;1571881
190615;18539217;2278010
190616;01846359;2413495
190617;18539217;483736
190618;01846359;1601640
190619;18581928;1443683
190620;33828139;202251
190621;33828139;910615
190622;18539217;1149766
190623;67821984;854051
190624;18581928;2715695
190625;18581928;1491550
190626;06230932;2002583
190627;18539217;580275
190628;33828139;-13362
190629;06230932;723888
190630;05159822;2321105
190631;92019399;1476778
190632;05159822;1259653
190633;02838109;1983363
190634;92019399;1022117
190635;9831829;2821313
190636;18539217;928491
190637;18539217;1554961
190638;33828139;2794141
190639;9831829;-9028
190640;33828139;776184
190641;18581928;1414115
190642;06230932;895062
190643;33828139;1959629
190644;33828139;1454097
190645;18581928;1949344
190646;9831829;665075
190647;92019399;1107826
190648;33828139;1317214
190649;9831829;2310429
190650;92019399;1852881
190651;06230932;2367689
190652;67821984;1445078
190653;33828139;1450925
190654;18539217;2988187
190655;18581928;2596668
190656;05159822;2130192
190657;06230932;2351563
190658;9831829;549114
190659;02838109;2478522
190660;18539217;2720612
190661;06230932;703538
190662;05159822;1212407
190663;06230932;2318749
190664;67821984;1358880
190665;33828139;245446
190666;67821984;778573
190667;02838109;2796320
190668;02838109;904900
190669;05159822;2218028
190670;05159822;956994
190671;18581928;1128394
190672;33828139;2278779
190673;67821984;21942
190674;05159822;-13393
190675;9831829;1192091
190676;33828139;1970519
190677;18581928;2965374
190678;18539217;955357
190679;01846359;2704675
190680;33828139;2683097
190681;06230932;173635
190682;67821984;1563538
190683;01846359;2805904
190684;18539217;2037092
190685;05159822;938355
190686;18581928;1800086
190687;18539217;2645345
190688;18581928;1881973
190689;01846359;2063318
190690;33828139;684452
190691;92019399;1761343
190692;02838109;2860258
190693;92019399;1318210
190694;18581928;190275
190695;18539217;2444751
190696;18581928;233758
190697;92019399;92209
190698;33828139;451469
190699;06230932;334209
190700;9831829;2431448
190701;18539217;24375
190702;05159822;1427619
190703;9831829;2261950
190704;02838109;291089
190705;9831829;2631777
190706;18539217;445115
190707;18539217;2062266
190708;02838109;10339
190709;92019399;914259
190710;18539217;997578
190711;33828139;2535321
190712;18539217;336135
190713;67821984;1178187
190714;67821984;72022
190715;18539217;611795
190716;9831829;1629809
190717;02838109;2255418
190718;18581928;1182321
190719;02838109;2589606
190720;33828139;993397
190721;06230932;1090149
190722;01846359;2348045
190723;06230932;2004432
190724;02838109;1843934
190725;18581928;1976602
190726;33828139;941937
190727;67821984;1701006
190728;06230932;2229076
190729;01846359;2919229
190730;67821984;2591808
190731;9831829;435789
190732;18581928;1283266
190733;18539217;2820921
190734;02838109;2725492
190735;67821984;398017
190736;92019399;2532889
190737;9831829;1574153
190738;02838109;334690
190739;05159822;378145
190740;02838109;1750602
190741;9831829;139395
190742;01846359;1253142
190743;18539217;1302190
190744;18581928;701057
190745;02838109;2392800
190746;02838109;2374164
190747;9831829;2080040
190748;01846359;2190629
190749;05159822;483258
190750;05159822;1769895
190751;33828139;1168124
190752;33828139;765689
190753;06230932;2982116
190754;18581928;884678
190755;02838109;58431
190756;01846359;2718967
190757;33828139;2113743
190758;92019399;1198076
190759;18539217;58621
190760;06230932;2299072
190761;02838109;185554
190762;33828139;1484264
190763;01846359;993312
190764;02838109;2631034
190765;02838109;56962
190766;01846359;2014805
190767;05159822;2592065
190768;33828139;1332935
190769;92019399;2582969
190770;33828139;431141
190771;01846359;1652803
190772;05159822;1665542
190773;67821984;2472638
190774;18539217;2590678
190775;01846359;2543596
190776;33828139;220089
190777;06230932;1368806
190778;02838109;351354
190779;06230932;1181386
190780;18539217;1693115
190781;33828139;1333973
190782;92019399;1500197
190783;67821984;1608377
190784;92019399;523192
190785;67821984;685763
190786;9831829;2841123
190787;02838109;417583
190788;67821984;1034967
190789;33828139;1415377
190790;02838109;2144675
190791;92019399;2269248
190792;05159822;310496
190793;18581928;2208376
190794;33828139;136962
190795;02838109;844831
190796;05159822;66433
190797;05159822;1077330
190798;05159822;421097
190799;33828139;1316049
190800;9831829;930754
190801;92019399;1919767
190802;33828139;2527119
190803;02838109;1303885
190804;33828139;1020709
190805;67821984;303144
190806;67821984;1567588
190807;18539217;233074
190808;9831829;699297
190809;18539217;2112637
190810;05159822;1887513
190811;92019399;1245504
190812;9831829;572735
190813;9831829;1464560
190814;01846359;421214
190815;06230932;1579903
190816;67821984;1091476
190817;67821984;2181754
190818;67821984;142912
190819;92019399;2318794
190820;06230932;845456
190821;05159822;1046660
190822;33828139;1867807
190823;33828139;947216
190824;33828139;1390204
190825;01846359;2455970
190826;9831829;2928811
190827;92019399;593133
190828;05159822;1892697
190829;9831829;2591813
190830;18539217;1324450
190831;02838109;2789270
190832;01846359;161827
190833;33828139;1069241
190834;05159822;270858
190835;06230932;1984923
190836;92019399;2538050
190837;18539217;1569129
190838;18539217;2002186
190839;18539217;1321045
190840;67821984;2793194
190841;06230932;-5857
190842;18539217;773469
190843;18539217;2502120
190844;02838109;384932
190845;05159822;2484627
190846;92019399;2427974
190847;92019399;1326874
190848;05159822;2536971
190849;67821984;1754581
190850;06230932;1801069
190851;06230932;1124356
190852;01846359;1595913
190853;05159822;966933
190854;01846359;105394
190855;67821984;705328
190856;18581928;1584233
190857;92019399;1242974
190858;33828139;2151161
190859;9831829;1888635
190860;67821984;2354262
190861;92019399;2078766
190862;01846359;301409
190863;33828139;2687681
190864;02838109;1351974
190865;33828139;2496391
190866;02838109;2729726
190867;92019399;1236630
190868;9831829;867788
190869;92019399;2319285
190870;67821984;1134172
190871;02838109;493369
190872;9831829;-14541
190873;33828139;2283679
190874;01846359;881118
190875;67821984;1795624
190876;67821984;1344795
190877;33828139;2509020
190878;33828139;2719276
190879;67821984;708702
190880;18581928;2481765
190881;67821984;1625132
190882;67821984;2610586
190883;67821984;457520
190884;92019399;1786657
190885;33828139;316272
190886;06230932;591852
190887;33828139;32257
190888;02838109;1322695
190889;33828139;743402
190890;05159822;65472
190891;01846359;2930554
190892;05159822;1289955
190893;33828139;386666
190894;05159822;2944680
190895;18539217;2332703
190896;01846359;2372430
190897;05159822;2126151
190898;02838109;990512
190899;67821984;964945
190900;18539217;1946372
190901;01846359;994218
190902;67821984;906493
190903;06230932;2779795
190904;01846359;2639956
190905;01846359;954041
190906;9831829;178480
190907;05159822;989118
190908;01846359;2469750
190909;02838109;2104798
190910;33828139;2138567
190911;18581928;1481532
190912;9831829;838776
190913;05159822;2672841
190914;9831829;1754463
190915;06230932;1824034
190916;05159822;2329227
190917;33828139;1403257
190918;9831829;1257667
190919;9831829;2018848
190920;92019399;2590174
190921;05159822;1842594
190922;06230932;1401649
190923;06230932;281210
190924;9831829;2371499
190925;92019399;2184999
190926;67821984;2859016
190927;18581928;306942
190928;9831829;525327
190929;06230932;154567
190930;18581928;1440625
190931;05159822;1088533
190932;67821984;2453514
190933;33828139;2897096
190934;92019399;1058081
190935;18539217;2409729
190936;06230932;1196776
190937;67821984;1958200
190938;92019399;2795270
190939;06230932;1783366
190940;33828139;1768374
190941;01846359;761539
190942;33828139;2606615
190943;02838109;2065092
190944;06230932;946808
190945;67821984;745332
190946;06230932;405210
190947;92019399;1688057
190948;92019399;2205854
190949;06230932;192143
190950;06230932;606325
190951;18539217;570510
190952;67821984;1837722
190953;18539217;1178727
190954;67821984;2992105
190955;02838109;232938
190956;9831829;160010
190957;18581928;371415
190958;33828139;2315822
190959;9831829;638278
190960;18539217;1952557
190961;67821984;2251174
190962;06230932;2616598
190963;01846359;2152713
190964;18581928;266156
190965;92019399;799889
190966;18539217;1248687
190967;05159822;54089
190968;18539217;1573843
190969;18539217;2358670
190970;06230932;2381562
190971;9831829;418163
190972;9831829;2086411
190973;06230932;2509960
190974;33828139;514911
190975;01846359;2917173
190976;18539217;823607
190977;05159822;1542682
190978;33828139;167964
190979;18539217;2504028
190980;92019399;1337310
190981;18539217;1858199
190982;33828139;1038873
190983;05159822;1389193
190984;9831829;344687
190985;18539217;2343591
190986;01846359;613782
190987;06230932;493720
190988;06230932;2868372
190989;9831829;112403
190990;9831829;1591440
190991;06230932;1242888
190992;67821984;1113261
190993;67821984;2129296
190994;92019399;2672661
190995;67821984;928751
190996;33828139;727345
190997;01846359;334697
190998;67821984;1667316
190999;02838109;2087922
191000;9831829;2080701
191001;05159822;60422
191002;67821984;507037
191003;9831829;1697067
191004;18581928;469396
191005;01846359;1356143
191006;33828139;2781128
191007;01846359;376817
191008;18539217;2047872
191009;01846359;827482
191010;01846359;2082555
191011;18581928;428523
191012;33828139;97769
191013;06230932;1967317
191014;9831829;2493658
191015;06230932;2979489
191016;06230932;698559
191017;05159822;1376495
191018;33828139;2802972
191019;06230932;2063504
191020;18539217;1004883
191021;01846359;2924767
191022;01846359;244103
191023;01846359;478479
191024;9831829;2754940
191025;18581928;280818
191026;05159822;829724
191027;05159822;597860
191028;01846359;744664
191029;02838109;2302332
191030;92019399;1017659
191031;67821984;2667361
191032;02838109;506975
191033;18539217;7354
191034;18581928;725192
191035;05159822;812192
191036;18539217;112279
191037;01846359;2912126
191038;67821984;2082016
191039;92019399;2412132
191040;18581928;488284
191041;9831829;580864
191042;9831829;1161519
191043;02838109;596207
191044;9831829;2279773
191045;67821984;1173323
191046;18539217;317489
191047;02838109;2442381
191048;92019399;2561369
191049;92019399;493432
191050;9831829;2801801
191051;9831829;2225021
191052;33828139;2455613
191053;05159822;1715437
191054;18539217;2034459
191055;92019399;786023
191056;06230932;882901
191057;18539217;747001
191058;18539217;77859
191059;33828139;232908
191060;9831829;101737
191061;67821984;354146
191062;02838109;1803374
191063;18539217;2519851
191064;67821984;678995
191065;18539217;426075
191066;02838109;2139678
191067;18581928;2590740
191068;9831829;2786111
191069;67821984;2720464
191070;18581928;1957365
191071;18539217;273192
191072;9831829;2102280
191073;18539217;960609
191074;02838109;2550465
191075;02838109;125634
191076;01846359;1288829
191077;92019399;2967651
191078;67821984;11911
191079;05159822;1318183
191080;18581928;2302648
191081;02838109;2474006
191082;01846359;690616
191083;05159822;2356101
191084;92019399;1683796
191085;18581928;2061336
191086;18581928;1396141
191087;9831829;2802733
191088;18581928;2401900
191089;06230932;1308150
191090;9831829;578373
191091;18581928;2694941
191092;01846359;226700
191093;18581928;973774
191094;06230932;1397256
191095;02838109;2951604
191096;9831829;630616
191097;9831829;1747619
191098;18581928;2169831
191099;67821984;134913
191100;05159822;605566
191101;67821984;714425
191102;9831829;1878751
191103;67821984;682921
191104;67821984;902409
191105;01846359;899230
191106;18539217;1054392
191107;18581928;1694681
191108;9831829;34705
191109;01846359;921518
191110;18539217;1890891
191111;01846359;2740278
191112;67821984;166515
191113;92019399;646337
191114;02838109;362777
191115;67821984;1725209
191116;67821984;2850595
191117;33828139;147201
191118;33828139;2364118
191119;9831829;1780030
191120;67821984;260333
191121;67821984;2022022
191122;18581928;58240
191123;02838109;172654
191124;06230932;1269137
191125;67821984;557540
191126;06230932;2074501
191127;92019399;112114
191128;9831829;721123
191129;67821984;1006987
191130;02838109;2187351
191131;9831829;2959560
191132;18539217;1076083
191133;67821984;1986510
191134;01846359;1378988
191135;02838109;1466309
191136;18581928;66616
191137;02838109;2091153
191138;18581928;710987
191139;01846359;656078
191140;18581928;2854421
191141;06230932;569536
191142;9831829;1526636
191143;92019399;2426143
191144;18539217;917776
191145;05159822;2531821
191146;33828139;431639
191147;18581928;733753
191148;01846359;2987444
191149;9831829;2443470
191150;18539217;2223673
191151;01846359;2641453
191152;18539217;874764
191153;18539217;2879096
191154;33828139;652519
191155;02838109;1603107
191156;05159822;1662748
191157;67821984;1584047
191158;18581928;86928
191159;18581928;1943858
191160;02838109;1004449
191161;92019399;193014
191162;02838109;661547
191163;01846359;2549972
191164;92019399;2449486
191165;01846359;989197
191166;33828139;2878890
191167;05159822;1878304
191168;06230932;1205309
191169;33828139;1959857
191170;01846359;1460141
191171;92019399;381591
191172;06230932;2900258
191173;92019399;701828
191174;01846359;1478745
191175;02838109;1607884
191176;18539217;2912827
191177;33828139;1923796
191178;02838109;707554
191179;05159822;2172488
191180;02838109;2956807
191181;92019399;2722562
191182;33828139;1015959
191183;05159822;1913599
191184;92019399;1588305
191185;9831829;2108784
191186;18581928;1861018
191187;18539217;2482384
191188;92019399;2267552
191189;9831829;1719403
191190;06230932;89246
191191;92019399;2582065
191192;9831829;2226616
191193;9831829;2888805
191194;01846359;1540935
191195;18581928;165929
191196;05159822;1313833
191197;92019399;1796148
191198;02838109;2232199
191199;33828139;2461159
191200;9831829;47948
191201;05159822;1359351
191202;06230932;2330766
191203;02838109;2280273
191204;18539217;-8365
191205;9831829;2995367
191206;18581928;2223192
191207;02838109;2128817
191208;33828139;1186290
191209;01846359;1015
191210;18539217;771757
191211;01846359;1732442
191212;92019399;1999844
191213;01846359;1882454
191214;18539217;549674
191215;05159822;868583
191216;06230932;1168284
191217;18539217;2452668
191218;02838109;1016666
191219;05159822;811489
191220;02838109;2119006
191221;02838109;467279
191222;67821984;2079813
191223;33828139;876038
191224;92019399;1600225
191225;92019399;2097668
191226;06230932;2571048
191227;67821984;672459
191228;18539217;1335770
191229;33828139;601305
191230;92019399;580689
191231;18581928;2553053
191232;33828139;445304
191233;01846359;2736216
191234;06230932;289129
191235;18539217;-7405
191236;67821984;611958
191237;01846359;1267436
191238;9831829;1239657
191239;33828139;1341755
191240;01846359;1785011
191241;18539217;1531072
191242;18581928;2087147
191243;33828139;1788003
191244;18581928;514961
191245;05159822;58415
191246;02838109;2745404
191247;06230932;621924
191248;02838109;1115102
191249;92019399;2656442
191250;05159822;1032063
191251;05159822;2043023
191252;9831829;494528
191253;67821984;632092
191254;01846359;1935442
191255;9831829;589051
191256;05159822;2813007
191257;33828139;828439
191258;05159822;485012
191259;18581928;1311411
191260;33828139;2666538
191261;9831829;2417438
191262;92019399;647187
191263;18539217;1614854
191264;33828139;2144878
191265;18539217;2005431
191266;06230932;2018130
191267;06230932;411934
191268;33828139;1692599
191269;01846359;1524081
191270;18581928;1267592
191271;92019399;970420
191272;18581928;1782561
191273;05159822;2291858
191274;92019399;85176
191275;18581928;1546182
191276;33828139;979441
191277;06230932;753462
191278;05159822;190110
191279;9831829;1097764
191280;67821984;380192
191281;9831829;2050907
191282;18581928;2988587
191283;01846359;1099825
191284;02838109;801330
191285;33828139;2149600
191286;18581928;190164
191287;18539217;1713967
191288;06230932;2654820
191289;92019399;2693333
191290;33828139;370265
191291;33828139;62885
191292;18539217;1465468
191293;67821984;35521
191294;05159822;1121460
191295;33828139;358542
191296;02838109;561820
191297;18539217;377741
191298;92019399;1325729
191299;18539217;1903888
191300;67821984;2550062
191301;92019399;977415
191302;18539217;665628
191303;06230932;371818
191304;33828139;593091
191305;06230932;1374358
191306;01846359;322693
191307;18581928;634340
191308;18581928;2875196
191309;01846359;2407347
191310;06230932;1016396
191311;67821984;2929287
191312;01846359;2726956
191313;67821984;1269284
191314;02838109;2923389
191315;05159822;940751
191316;18539217;1622143
191317;05159822;548081
191318;18539217;1659510
191319;67821984;621825
191320;9831829;1048297
191321;18539217;1961339
191322;01846359;2163756
191323;18581928;540985
191324;06230932;2196245
191325;33828139;1386551
191326;18539217;1277303
191327;02838109;1361611
191328;92019399;2830133
191329;18581928;1271846
191330;01846359;1856440
191331;18539217;2612365
191332;01846359;2247668
191333;9831829;1162780
191334;01846359;2441664
191335;02838109;2278062
191336;18539217;1505405
191337;06230932;1553941
191338;92019399;360524
191339;05159822;468892
191340;18539217;2929598
191341;67821984;1904353
191342;18539217;1810743
191343;33828139;1587038
191344;05159822;1946336
191345;9831829;981081
191346;33828139;1586781
191347;05159822;1315576
191348;92019399;2185393
191349;9831829;257331
191350;18539217;1770695
191351;67821984;503560
191352;01846359;2746135
191353;18581928;2950461
191354;06230932;19428
191355;18539217;2131400
191356;67821984;1733078
191357;02838109;1757141
191358;9831829;2789302
191359;18581928;154946
191360;01846359;1212964
191361;18539217;710576
191362;9831829;1115391
191363;06230932;534509
191364;92019399;310587
191365;9831829;188001
191366;9831829;102047
191367;06230932;434644
191368;06230932;544843
191369;9831829;1969343
191370;67821984;1496759
191371;01846359;1495055
191372;18581928;544221
191373;06230932;1474487
191374;01846359;1070775
191375;02838109;2056219
191376;33828139;556373
191377;06230932;646061
191378;18581928;1558113
191379;05159822;1739594
191380;92019399;1412501
191381;33828139;1581838
191382;01846359;1407548
191383;02838109;1101194
191384;18581928;2982172
191385;18539217;2389826
191386;9831829;2255886
191387;33828139;626852
191388;01846359;2679173
191389;33828139;1231476
191390;18581928;1993846
191391;01846359;1371798
191392;92019399;7496
191393;92019399;2086290
191394;06230932;2027246
191395;33828139;912809
191396;02838109;236480
191397;9831829;2120415
191398;05159822;1526914
191399;01846359;1490815
191400;92019399;2306230
191401;01846359;1815807
191402;18539217;430813
191403;05159822;2292617
191404;33828139;2637675
191405;06230932;90370
191406;9831829;2037823
191407;33828139;2969510
191408;01846359;1129559
191409;05159822;2714352
191410;9831829;2868217
191411;01846359;1767467
191412;9831829;1182402
191413;05159822;2497908
191414;06230932;5214
191415;67821984;1792305
191416;06230932;2955207
191417;92019399;1950512
191418;33828139;820266
191419;02838109;2141123
191420;01846359;2360465
191421;06230932;122495
191422;18539217;2127743
191423;33828139;1138824
191424;67821984;1016431
191425;18581928;1033166
191426;33828139;730085
191427;67821984;1308022
191428;01846359;1797536
191429;05159822;1686412
191430;67821984;1196680
191431;67821984;2964657
191432;9831829;1813628
191433;9831829;1357650
191434;33828139;2911059
191435;06230932;1059468
191436;33828139;559728
191437;9831829;1675267
191438;06230932;2893605
191439;05159822;1402699
191440;01846359;484623
191441;67821984;2269970
191442;92019399;947674
191443;06230932;593044
191444;05159822;51198
191445;06230932;133106
191446;05159822;2494373
191447;05159822;497219
191448;06230932;112395
191449;18581928;1542015
191450;33828139;398590
191451;9831829;697427
191452;33828139;2436100
191453;9831829;2972516
191454;18539217;2412593
191455;01846359;2755951
191456;33828139;2275328
191457;18539217;1115025
191458;06230932;2857147
191459;92019399;1249766
191460;05159822;144756
191461;33828139;1691288
191462;18539217;2481768
191463;05159822;1458722
191464;18581928;1976292
191465;05159822;578814
191466;33828139;2285090
191467;18539217;2860702
191468;01846359;760078
191469;67821984;883999
191470;67821984;2199668
191471;33828139;1535281
191472;67821984;1244698
191473;33828139;1114979
191474;05159822;1275980
191475;67821984;1476172
191476;05159822;481773
191477;92019399;1180174
191478;05159822;2735227
191479;05159822;140651
191480;33828139;1797745
191481;02838109;1228177
191482;18539217;1562214
191483;9831829;1882678
191484;9831829;2433141
191485;9831829;559061
191486;18539217;2056719
191487;18539217;828582
191488;9831829;1491258
191489;33828139;788996
191490;33828139;1984904
191491;33828139;105235
191492;06230932;2301091
191493;18581928;839991
191494;33828139;1731673
191495;9831829;578896
191496;05159822;1199255
191497;67821984;1237132
191498;18581928;1541841
191499;05159822;2293079
191500;33828139;674606
191501;9831829;421338
191502;02838109;1388031
191503;01846359;1930185
191504;18581928;117733
191505;01846359;1380059
191506;67821984;1756007
191507;9831829;1528211
191508;06230932;2477588
191509;18581928;2494543
191510;9831829;1984105
191511;9831829;2858342
191512;18539217;101502
191513;92019399;188294
191514;18581928;897448
191515;06230932;2615026
191516;06230932;739930
191517;9831829;1237348
191518;18581928;2933181
191519;02838109;1402603
191520;18539217;914995
191521;05159822;709745
191522;92019399;1568778
191523;06230932;126745
191524;01846359;1835106
191525;01846359;2414939
191526;18539217;2888372
191527;01846359;2009561
191528;06230932;2985097
191529;18539217;2068442
191530;05159822;338752
191531;18539217;2358990
191532;67821984;1028438
191533;33828139;259174
191534;33828139;1640630
191535;02838109;1052907
191536;18581928;2295984
191537;01846359;3872
191538;18539217;2679792
191539;92019399;2707763
191540;33828139;1817514
191541;02838109;2250862
191542;67821984;1616862
191543;92019399;1600540
191544;9831829;383358
191545;33828139;81091
191546;9831829;1671344
191547;18539217;1400900
191548;9831829;2382276
191549;9831829;167518
191550;18581928;63611
191551;18581928;944105
191552;9831829;456642
191553;92019399;2439090
191554;06230932;901466
191555;02838109;1189690
191556;05159822;2845586
191557;92019399;2435438
191558;18581928;431616
191559;67821984;681428
191560;01846359;546752
191561;06230932;2503375
191562;02838109;1629835
191563;9831829;2465621
191564;18539217;163414
191565;06230932;1586060
191566;9831829;2891655
191567;92019399;1655991
191568;06230932;2525100
191569;92019399;324706
191570;02838109;1596748
191571;92019399;1606862
191572;06230932;2609599
191573;05159822;1993916
191574;9831829;155997
191575;92019399;946625
191576;01846359;410033
191577;18581928;56196
191578;67821984;2317328
191579;33828139;1454643
191580;33828139;52400
191581;18539217;248817
191582;18539217;2917299
191583;92019399;851937
191584;06230932;2977189
191585;18539217;1408508
191586;9831829;1147488
191587;92019399;2759094
191588;67821984;1400883
191589;02838109;2648115
191590;02838109;1185041
191591;67821984;459494
191592;02838109;1701432
191593;18539217;2847143
191594;01846359;2988431
191595;33828139;1277022
191596;33828139;110068
191597;02838109;1714030
191598;18581928;1721675
191599;92019399;1490518
191600;33828139;2467597
191601;05159822;1774463
191602;01846359;1214753
191603;67821984;1266684
191604;18581928;1972226
191605;18539217;1386101
191606;06230932;2613040
191607;02838109;994351
191608;05159822;1733753
191609;67821984;1751119
191610;9831829;2097188
191611;33828139;2588377
191612;9831829;2771513
191613;18539217;2071902
191614;9831829;1558986
191615;33828139;2358759
191616;05159822;2197571
191617;01846359;2248739
191618;02838109;2248632
191619;05159822;1735973
191620;18539217;2344340
191621;18581928;1863083
191622;05159822;102923
191623;18539217;59656
191624;9831829;2763780
191625;92019399;1742999
191626;18581928;1706746
191627;18581928;390680
191628;9831829;1355940
191629;06230932;2286722
191630;01846359;2186874
191631;05159822;2819325
191632;01846359;2549191
191633;18539217;2416157
191634;33828139;2065974
191635;05159822;1425930
191636;18581928;1911316
191637;33828139;2429598
191638;01846359;1731150
191639;05159822;1025084
191640;33828139;1179113
191641;67821984;1330536
191642;9831829;1966897
191643;02838109;1521951
191644;01846359;1558088
191645;06230932;2917222
191646;9831829;2334590
191647;05159822;2208095
191648;18539217;843479
191649;18581928;113011
191650;01846359;1851962
191651;18539217;177314
191652;18581928;1699339
191653;01846359;2418840
191654;92019399;-18467
191655;67821984;921482
191656;02838109;1763038
191657;67821984;917832
191658;01846359;777328
191659;02838109;2251283
191660;06230932;549540
191661;9831829;408898
191662;9831829;441132
191663;92019399;1272370
191664;18539217;1936697
191665;01846359;2667991
191666;18539217;631626
191667;18581928;2163291
191668;33828139;2763376
191669;67821984;1673473
191670;33828139;1649078
191671;02838109;1044093
191672;02838109;1597496
191673;05159822;2395188
191674;67821984;2450494
191675;92019399;1698476
191676;18581928;600034
191677;06230932;2653408
191678;18539217;1005989
191679;02838109;2177597
191680;01846359;1917320
191681;9831829;2296347
191682;01846359;1018616
191683;33828139;750522
191684;92019399;1320167
191685;06230932;2300262
191686;18581928;1332979
191687;06230932;1825143
191688;18581928;1534600
191689;02838109;389536
191690;18581928;2825006
191691;33828139;2999667
191692;18539217;2749891
191693;18539217;407787
191694;05159822;1224166
191695;18581928;1852114
191696;33828139;602649
191697;67821984;1513253
191698;9831829;242799
191699;06230932;392681
191700;05159822;2351921
191701;33828139;535546
191702;9831829;957407
191703;02838109;1148921
191704;33828139;117615
191705;01846359;282453
191706;33828139;248173
191707;18581928;2466276
191708;06230932;2558694
191709;18539217;2954019
191710;02838109;1337959
191711;06230932;1867707
191712;33828139;2428493
191713;02838109;2649536
191714;05159822;2988378
191715;33828139;1738512
191716;67821984;1337622
191717;06230932;1788758
191718;18539217;772341
191719;05159822;1061101
191720;01846359;1601207
191721;01846359;1402301
191722;06230932;2549616
191723;01846359;2696225
191724;67821984;2936469
191725;9831829;1934761
191726;33828139;2191023
191727;05159822;900902
191728;18581928;2776978
191729;18539217;1429725
191730;18539217;1464647
191731;05159822;2059067
191732;9831829;937283
191733;05159822;1850875
191734;18539217;2269022
191735;92019399;2842170
191736;02838109;2928326
191737;06230932;1483182
191738;92019399;1084558
191739;06230932;2570484
191740;06230932;305652
191741;02838109;1510456
191742;9831829;337813
191743;67821984;409098
191744;33828139;1703739
191745;18581928;278448
191746;02838109;156373
191747;67821984;453727
191748;05159822;309247
191749;9831829;1273991
191750;18581928;1226773
191751;9831829;1640485
191752;67821984;1887169
191753;33828139;1903724
191754;18539217;2464667
191755;02838109;527982
191756;18581928;1260041
191757;01846359;2836782
191758;06230932;1970571
191759;67821984;2033229
191760;67821984;2020282
191761;01846359;53600
191762;18581928;2163256
191763;05159822;2195830
191764;01846359;1075226
191765;9831829;168800
191766;02838109;393664
191767;02838109;1750243
191768;06230932;1402492
191769;9831829;2964522
191770;05159822;2108343
191771;33828139;2811723
191772;02838109;219237
191773;92019399;737494
191774;01846359;215565
191775;05159822;654637
191776;05159822;2045066
191777;02838109;950935
191778;9831829;1664879
191779;33828139;830482
191780;67821984;2376976
191781;02838109;1628266
191782;05159822;1693115
191783;18539217;2497843
191784;01846359;2958759
191785;18539217;2111888
191786;67821984;2602523
191787;06230932;303193
191788;9831829;2363947
191789;05159822;1624695
191790;06230932;2488338
191791;18539217;801865
191792;33828139;2899597
191793;67821984;1112590
191794;9831829;1792556
191795;33828139;1323629
191796;06230932;1281864
191797;67821984;1260122
191798;18581928;2356191
191799;06230932;2055171
191800;06230932;525171
191801;18539217;2445559
191802;18539217;2958454
191803;18539217;996480
191804;92019399;1549050
191805;02838109;997933
191806;18581928;2316815
191807;33828139;611847
191808;92019399;1131136
191809;92019399;2959714
191810;67821984;1996890
191811;02838109;359831
191812;92019399;446103
191813;01846359;1085185
191814;67821984;274022
191815;18539217;492746
191816;18581928;435876
191817;67821984;1953583
191818;18581928;1520489
191819;67821984;392142
191820;67821984;1679213
191821;05159822;415057
191822;18581928;1598773
191823;18581928;822375
191824;02838109;1922802
191825;67821984;746514
191826;18539217;40488
191827;05159822;1280233
191828;9831829;1821454
191829;9831829;744831
191830;92019399;1138702
191831;9831829;2850513
191832;05159822;1330545
191833;18539217;896413
191834;18581928;1929549
191835;67821984;799905
191836;02838109;1345084
191837;02838109;181331
191838;67821984;1990103
191839;02838109;189123
191840;33828139;482405
191841;01846359;755813
191842;92019399;2053670
191843;18539217;935218
191844;18581928;855897
191845;06230932;1261366
191846;18581928;822932
191847;33828139;278889
191848;33828139;1710435
191849;02838109;510628
191850;9831829;2804748
191851;9831829;2497950
191852;05159822;1651100
191853;05159822;1888084
191854;9831829;434643
191855;33828139;325331
191856;33828139;1379835
191857;33828139;1317369
191858;18581928;1980694
191859;67821984;893399
191860;67821984;2741986
191861;18581928;2719812
191862;92019399;1183806
191863;01846359;1315408
191864;06230932;2295621
191865;01846359;406107
191866;18581928;1734278
191867;92019399;648454
191868;02838109;1527328
191869;18539217;658778
191870;9831829;2883768
191871;92019399;2010296
191872;05159822;2556403
191873;67821984;799316
191874;02838109;121139
191875;67821984;723924
191876;06230932;2950174
191877;9831829;860109
191878;18539217;1280436
191879;06230932;1778396
191880;18539217;2183549
191881;18539217;-10944
191882;06230932;239445
191883;06230932;2003400
191884;18581928;1128055
191885;33828139;2419789
191886;92019399;1702630
191887;9831829;668000
191888;18539217;1659596
191889;67821984;1869095
191890;01846359;1782334
191891;18539217;1437342
191892;18539217;631147
191893;92019399;145085
191894;06230932;2822291
191895;01846359;2578089
191896;05159822;1023922
191897;06230932;1296984
191898;9831829;2321028
191899;18539217;841615
191900;92019399;1388112
191901;33828139;2928392
191902;9831829;203886
191903;02838109;1762860
191904;05159822;748712
191905;9831829;2473918
191906;05159822;2933409
191907;18539217;680892
191908;92019399;2000330
191909;9831829;602777
191910;9831829;2835169
191911;67821984;1042751
191912;18539217;1496435
191913;06230932;2171339
191914;9831829;2042695
191915;18539217;1301860
191916;9831829;187268
191917;02838109;1785184
191918;33828139;402265
191919;05159822;500214
191920;06230932;1350352
191921;02838109;1656961
191922;18581928;1133856
191923;33828139;1303305
191924;92019399;1589214
191925;05159822;970475
191926;18539217;912637
191927;05159822;519593
191928;01846359;799414
191929;02838109;2512351
191930;67821984;2264577
191931;18581928;241707
191932;18581928;360686
191933;18539217;2952829
191934;92019399;2291288
191935;06230932;1142695
191936;18539217;1040185
191937;01846359;1054275
191938;01846359;112288
191939;18581928;129383
191940;05159822;2399853
191941;06230932;2456523
191942;01846359;246431
191943;02838109;2646186
191944;18539217;339833
191945;18581928;2728559
191946;67821984;2365434
191947;9831829;1359525
191948;67821984;166273
191949;05159822;228653
191950;05159822;1677943
191951;05159822;885231
191952;92019399;2977516
191953;06230932;2188566
191954;18581928;270023
191955;02838109;703976
191956;92019399;1275562
191957;02838109;407462
191958;02838109;2748176
191959;92019399;1851940
191960;33828139;667472
191961;02838109;2966153
191962;01846359;2954059
191963;02838109;2679916
191964;33828139;2697425
191965;06230932;2203922
191966;18539217;1375414
191967;05159822;1461353
191968;18539217;793844
191969;02838109;2913732
191970;9831829;1067048
191971;18539217;1098481
191972;18581928;248385
191973;06230932;1071217
191974;05159822;791979
191975;05159822;1640827
191976;33828139;395352
191977;02838109;196575
191978;02838109;736207
191979;06230932;952633
191980;92019399;1883328
191981;33828139;197661
191982;06230932;710889
191983;01846359;697500
191984;18539217;387806
191985;18581928;2115233
191986;06230932;2610978
191987;02838109;494842
191988;18581928;2383691
191989;33828139;298994
191990;06230932;1427868
191991;06230932;1611822
191992;01846359;1221484
191993;06230932;2031487
191994;01846359;2264412
191995;18539217;1992423
191996;9831829;2006124
191997;33828139;2235781
191998;33828139;1588197
191999;67821984;446560
192000;92019399;635465
192001;67821984;467995
192002;9831829;320531
192003;06230932;2931832
192004;18581928;518362
192005;18581928;953238
192006;33828139;2806707
192007;01846359;149675
192008;92019399;-14432
192009;01846359;514601
192010;01846359;2138718
192011;18539217;1046167
192012;67821984;2747557
192013;67821984;1410943
192014;33828139;1605761
192015;9831829;1839811
192016;18539217;1056537
192017;18581928;1930512
192018;92019399;2112311
192019;05159822;1731227
192020;67821984;1126399
192021;06230932;2181421
192022;05159822;2342625
192023;9831829;1073459
192024;05159822;2641784
192025;02838109;949959
192026;05159822;2663108
192027;06230932;460477
192028;67821984;2280879
192029;18539217;613278
192030;33828139;2210506
192031;67821984;1230138
192032;18539217;2725086
192033;9831829;223637
192034;18539217;2274388
192035;92019399;228850
192036;06230932;2464371
192037;01846359;2310761
192038;05159822;112479
192039;18539217;2896188
192040;06230932;2607784
192041;9831829;967852
192042;18581928;343800
192043;9831829;1938848
192044;33828139;476409
192045;18581928;1477666
192046;92019399;1647599
192047;67821984;692344
192048;06230932;2771077
192049;9831829;940906
192050;02838109;1728322
192051;18581928;2190790
192052;9831829;967482
192053;33828139;2921954
192054;18581928;1673352
192055;02838109;1933950
192056;92019399;1416955
192057;33828139;120475
192058;06230932;164286
192059;01846359;380651
192060;67821984;2786977
192061;02838109;1213974
192062;9831829;1364324
192063;18581928;670427
192064;02838109;2902597
192065;67821984;1527803
192066;02838109;396645
192067;9831829;2186132
192068;01846359;1960129
192069;02838109;2877880
192070;67821984;2545182
192071;02838109;2506931
192072;18539217;696986
192073;02838109;2435524
192074;67821984;2015123
192075;06230932;795464
192076;9831829;2185473
192077;67821984;725561
192078;05159822;90767
192079;9831829;1020364
192080;92019399;1639788
192081;01846359;945309
192082;9831829;122558
192083;05159822;219573
192084;02838109;1237746
192085;33828139;431111
192086;18539217;938511
192087;92019399;1484747
192088;01846359;2368378
192089;06230932;585802
192090;02838109;514147
192091;18539217;2738154
192092;18539217;2984534
192093;06230932;2135514
192094;92019399;1422748
192095;01846359;1672631
192096;06230932;424058
192097;01846359;2070969
192098;01846359;687874
192099;18581928;304338
192100;06230932;1260045
192101;92019399;2492426
192102;33828139;1083534
192103;18539217;1119465
192104;18539217;1706025
192105;67821984;2360163
192106;06230932;768273
192107;67821984;2656159
192108;01846359;1936770
192109;18539217;2609824
192110;02838109;190550
192111;18539217;1817222
192112;18581928;1685617
192113;33828139;493128
192114;06230932;300637
192115;06230932;436513
192116;02838109;2023237
192117;06230932;1095915
192118;92019399;322863
192119;18539217;1735415
192120;67821984;243376
192121;06230932;2726587
192122;18539217;880355
192123;01846359;1124219
192124;9831829;1500741
192125;05159822;2839118
192126;67821984;1309954
192127;01846359;2677381
192128;92019399;1574464
192129;92019399;1449636
192130;67821984;2354902
192131;92019399;2895312
192132;92019399;2722474
192133;18539217;2785566
192134;02838109;93969
192135;18581928;2986511
192136;02838109;2072753
192137;33828139;2298069
192138;01846359;1983313
192139;9831829;992294
192140;02838109;1772098
192141;92019399;1374612
192142;18539217;656400
192143;18581928;885445
192144;01846359;144773
192145;18539217;2522503
192146;67821984;909650
192147;06230932;2726622
192148;18539217;482937
192149;18581928;280619
192150;05159822;2223904
192151;01846359;99
192152;18581928;1568808
192153;9831829;803458
192154;33828139;2095892
192155;02838109;1081616
192156;18539217;532823
192157;18539217;2349415
192158;01846359;1986911
192159;02838109;1397221
192160;9831829;2793681
192161;01846359;2105913
192162;92019399;917102
192163;9831829;1976008
192164;33828139;384272
192165;18581928;1742354
192166;05159822;2664039
192167;9831829;2520668
192168;01846359;2306631
192169;06230932;1774866
192170;18539217;1644777
192171;67821984;1290006
192172;18581928;37116
192173;02838109;2097160
192174;67821984;180731
192175;33828139;1359381
192176;92019399;485203
192177;05159822;1916516
192178;18581928;1966076
192179;18581928;2628537
192180;92019399;1411831
192181;06230932;2514551
192182;33828139;2406409
192183;02838109;2152957
192184;06230932;673333
192185;05159822;1583902
192186;06230932;2756829
192187;05159822;2781897
192188;33828139;293635
192189;05159822;617666
192190;92019399;2754946
192191;92019399;2204
192192;18539217;2022865
192193;05159822;1595001
192194;67821984;489928
192195;02838109;2651171
192196;67821984;2647622
192197;06230932;-19943
192198;18539217;670840
192199;06230932;173088
192200;33828139;198998
192201;9831829;1125757
192202;05159822;1939328
192203;33828139;2903652
192204;02838109;2563193
192205;18581928;2726132
192206;92019399;2160434
192207;33828139;982864
192208;05159822;1013583
192209;18581928;1367882
192210;06230932;1375783
192211;33828139;92604
192212;9831829;2475451
192213;33828139;43645
192214;05159822;627253
192215;33828139;1292125
192216;18581928;741361
192217;02838109;2023405
192218;18539217;792874
192219;01846359;2962389
192220;01846359;521801
192221;02838109;116130
192222;18581928;880890
192223;05159822;223792
192224;05159822;574731
192225;33828139;1565969
192226;02838109;888684
192227;05159822;3452
192228;01846359;2595026
192229;33828139;1070921
192230;18581928;101161
192231;18581928;1930560
192232;18581928;1370513
192233;05159822;462816
192234;06230932;305679
192235;18581928;1912559
192236;06230932;1989973
192237;05159822;661747
192238;18581928;2959304
192239;02838109;2759542
192240;92019399;1224080
192241;9831829;2507255
192242;92019399;1127222
192243;9831829;5074
192244;02838109;121377
192245;67821984;2572801
192246;67821984;815257
192247;9831829;363315
192248;67821984;551
192249;67821984;717344
192250;33828139;2045876
192251;02838109;914517
192252;18539217;2021329
192253;05159822;1687587
192254;9831829;81552
192255;18539217;1876479
192256;9831829;454271
192257;67821984;592334
192258;9831829;2491940
192259;18539217;1948334
192260;67821984;2533847
192261;02838109;1848270
192262;02838109;2337889
192263;67821984;1384956
192264;18581928;352119
192265;02838109;2182384
192266;01846359;238957
192267;18581928;207511
192268;01846359;374750
192269;02838109;1674048
192270;01846359;943433
192271;18539217;485971
192272;06230932;2851593
192273;18539217;573976
192274;67821984;1588753
192275;33828139;599680
192276;02838109;1553872
192277;18539217;15147
192278;06230932;201011
192279;18539217;2276171
192280;18581928;2659856
192281;06230932;2030336
192282;01846359;2890343
192283;92019399;2598664
192284;9831829;870081
192285;33828139;2913796
192286;67821984;1975487
192287;18581928;-13721
192288;18581928;287346
192289;01846359;1836396
192290;33828139;353968
192291;9831829;930254
192292;33828139;1040156
192293;18539217;272003
192294;05159822;2231346
192295;33828139;303749
192296;01846359;2478455
192297;02838109;1666336
192298;18539217;1157963
192299;9831829;2964713
192300;02838109;764761
192301;92019399;2757815
192302;01846359;795937
192303;02838109;322349
192304;01846359;161867
192305;9831829;203020
192306;92019399;632281
192307;05159822;1926911
192308;9831829;2944906
192309;33828139;1894345
192310;02838109;1855430
192311;06230932;323917
192312;33828139;119472
192313;9831829;522012
192314;67821984;1013546
192315;05159822;2298986
192316;06230932;716398
192317;18539217;2716946
192318;02838109;791471
192319;92019399;328533
192320;18581928;2220298
192321;33828139;7716
192322;18539217;1386891
192323;05159822;812110
192324;33828139;1377292
192325;02838109;155227
192326;9831829;2261199
192327;01846359;1900269
192328;18539217;2729976
192329;67821984;2654285
192330;02838109;2154268
192331;18581928;1889391
192332;92019399;1605660
192333;06230932;2284478
192334;02838109;2134684
192335;9831829;432479
192336;05159822;2980165
192337;01846359;2007274
192338;05159822;272062
192339;05159822;1209967
192340;06230932;2357978
192341;05159822;466624
192342;9831829;533224
192343;18581928;1985648
192344;33828139;2340391
192345;33828139;2084004
192346;18539217;940641
192347;9831829;765892
192348;9831829;1930886
192349;05159822;2652991
192350;33828139;2260192
192351;9831829;2868130
192352;18539217;2325330
192353;33828139;2145729
192354;9831829;2600728
192355;33828139;1341239
192356;18581928;1287123
192357;9831829;276842
192358;06230932;1708935
192359;18539217;23878
192360;18581928;1969730
192361;67821984;2192594
192362;18539217;823190
192363;67821984;921882
192364;92019399;1048153
192365;02838109;1256700
192366;05159822;291588
192367;33828139;2453139
192368;06230932;2873633
192369;9831829;48333
192370;01846359;66417
192371;9831829;1213002
192372;67821984;801678
192373;18581928;2128066
192374;67821984;186542
192375;18539217;1672384
192376;9831829;1989592
192377;18581928;1449543
192378;9831829;758706
192379;05159822;264700
192380;06230932;42887
192381;18539217;734418
192382;9831829;1530235
192383;9831829;2785089
192384;18539217;533695
192385;05159822;1280825
192386;05159822;1870772
192387;01846359;2931737
192388;33828139;1320991
192389;18581928;1411582
192390;01846359;287221
192391;18539217;281733
192392;02838109;2491736
192393;92019399;1277626
192394;33828139;89062
192395;67821984;968217
192396;18539217;413344
192397;06230932;925119
192398;18581928;2891695
192399;9831829;880816
192400;18581928;2453541
192401;9831829;1575748
192402;05159822;425677
192403;18581928;2732203
192404;02838109;972350
192405;67821984;1191713
192406;18581928;2149992
192407;18581928;2639663
192408;67821984;59002
192409;67821984;2800192
192410;02838109;842123
192411;92019399;2532052
192412;33828139;2422035
192413;02838109;2811008
192414;18581928;2822134
192415;02838109;2427954
192416;01846359;2273141
192417;18539217;1625016
192418;05159822;931565
192419;67821984;637941
192420;67821984;207530
192421;33828139;232660
192422;06230932;2056633
192423;18539217;793232
192424;02838109;1083134
192425;02838109;2689530
192426;18581928;1409628
192427;92019399;2343744
192428;92019399;1462338
192429;02838109;255263
192430;33828139;2446786
192431;06230932;1083887
192432;18581928;2637597
192433;02838109;654634
192434;05159822;1601348
192435;05159822;2589762
192436;01846359;960326
192437;18581928;2225101
192438;18581928;2908153
192439;06230932;1941187
192440;05159822;562546
192441;02838109;2360841
192442;18539217;544945
192443;33828139;880229
192444;92019399;1031283
192445;06230932;1531947
192446;18581928;1550716
192447;05159822;384503
192448;01846359;2170480
192449;02838109;2535334
192450;67821984;956023
192451;02838109;1290056
192452;67821984;1932436
192453;02838109;2142955
192454;9831829;1922418
192455;05159822;1072391
192456;05159822;2908842
192457;33828139;2932934
192458;92019399;146177
192459;18539217;1296507
192460;18539217;821709
192461;05159822;2206663
192462;06230932;1276759
192463;02838109;1271372
192464;67821984;2230380
192465;02838109;1255947
192466;33828139;15575
192467;33828139;298892
192468;92019399;1838153
192469;05159822;2472141
192470;33828139;378857
192471;67821984;197251
192472;02838109;279915
192473;9831829;2917646
192474;92019399;61622
192475;05159822;2246895
192476;33828139;1034550
192477;01846359;2013692
192478;67821984;2465414
192479;06230932;1178154
192480;67821984;428859
192481;33828139;2571343
192482;18581928;687859
192483;18581928;2952469
192484;02838109;1412807
192485;9831829;859783
192486;01846359;486582
192487;02838109;526932
192488;18581928;2260511
192489;18539217;634952
192490;92019399;1686180
192491;33828139;2688965
192492;01846359;1154612
192493;9831829;753888
192494;33828139;844853
192495;9831829;555770
192496;9831829;590135
192497;18581928;628838
192498;05159822;2007148
192499;18581928;1735559
192500;02838109;610841
192501;01846359;414404
192502;9831829;2779045
192503;05159822;1696913
192504;67821984;2272160
192505;06230932;1530632
192506;67821984;2144771
192507;92019399;1401378
192508;33828139;1684814
192509;33828139;2245706
192510;92019399;170534
192511;02838109;2017834
192512;05159822;2753531
192513;18539217;1738890
192514;18581928;1064721
192515;33828139;622575
192516;92019399;2008787
192517;05159822;1827345
192518;18581928;885430
192519;06230932;226615
192520;02838109;1389954
192521;9831829;1952898
192522;33828139;1965163
192523;18539217;1606853
192524;05159822;2580201
192525;92019399;2213496
192526;92019399;715878
192527;33828139;1204379
192528;67821984;1302361
192529;18581928;2633594
192530;05159822;529185
192531;05159822;793785
192532;05159822;1255852
192533;05159822;2616281
192534;9831829;1565156
192535;05159822;2361930
192536;06230932;2296423
192537;05159822;164577
192538;18539217;480524
192539;18539217;2907152
192540;01846359;2158379
192541;06230932;2337162
192542;01846359;73859
192543;06230932;1655877
192544;18539217;2714569
192545;67821984;2429578
192546;06230932;1174262
192547;02838109;2839817
192548;06230932;2409795
192549;18539217;1883488
192550;67821984;1036355
192551;18581928;2758233
192552;67821984;529623
192553;18581928;2127265
192554;02838109;2637758
192555;01846359;2056837
192556;06230932;56611
192557;01846359;2462755
192558;18539217;2894534
192559;9831829;2369654
192560;18539217;2887318
192561;01846359;498642
192562;9831829;2156948
192563;9831829;2579815
192564;06230932;230445
192565;05159822;162937
192566;05159822;2541373
192567;05159822;1377967
192568;33828139;286838
192569;33828139;117474
192570;92019399;2075553
192571;01846359;2607793
192572;67821984;1421935
192573;06230932;1361206
192574;06230932;2710793
192575;05159822;792025
192576;18539217;-9911
192577;18581928;713495
192578;33828139;2443801
192579;33828139;14863
192580;67821984;764012
192581;18581928;2066240
192582;02838109;2629033
192583;33828139;1876803
192584;9831829;175268
192585;92019399;1279026
192586;06230932;2927245
192587;9831829;509644
192588;18581928;2916051
192589;02838109;1061704
192590;06230932;323606
192591;02838109;2667120
192592;9831829;2621699
192593;92019399;2868524
192594;05159822;2954951
192595;18539217;1860292
192596;05159822;2119254
192597;67821984;1355076
192598;06230932;1195807
192599;18581928;2375450
192600;18581928;1849257
192601;05159822;1978754
192602;18539217;1339250
192603;01846359;2368624
192604;18539217;2051007
192605;92019399;1557952
192606;06230932;2854850
192607;9831829;1400299
192608;33828139;652194
192609;9831829;1550423
192610;33828139;216752
192611;05159822;2690783
192612;67821984;1485284
192613;02838109;1806897
192614;18581928;2775136
192615;05159822;2393916
192616;67821984;1113253
192617;9831829;1357991
192618;01846359;360435
192619;67821984;943165
192620;18581928;2755316
192621;92019399;2627605
192622;05159822;1468686
192623;02838109;2547665
192624;9831829;502360
192625;18539217;1244807
192626;06230932;2539428
192627;92019399;832456
192628;33828139;1336225
192629;06230932;1023512
192630;18581928;602892
192631;33828139;1528149
192632;02838109;1943231
192633;92019399;733370
192634;92019399;912002
192635;18539217;2258721
192636;06230932;702658
192637;67821984;2258592
192638;67821984;2495747
192639;92019399;1826223
192640;18539217;1968945
192641;92019399;2194710
192642;02838109;2557746
192643;18581928;1190994
192644;67821984;785896
192645;05159822;1811657
192646;33828139;720799
192647;05159822;564938
192648;92019399;447510
192649;92019399;1707983
192650;67821984;871023
192651;67821984;33155
192652;92019399;103271
192653;9831829;2715362
192654;18539217;1166208
192655;02838109;2149446
192656;92019399;1755627
192657;05159822;982201
192658;05159822;735270
192659;18581928;1820789
192660;92019399;670203
192661;18539217;1718092
192662;02838109;303310
192663;02838109;1026078
192664;67821984;12049
192665;67821984;418113
192666;18539217;520319
192667;9831829;2307781
192668;01846359;1765295
192669;92019399;443102
192670;18539217;2517873
192671;67821984;566677
192672;18539217;2416853
192673;05159822;2874945
192674;33828139;2232811
192675;05159822;2609484
192676;67821984;1279425
192677;18539217;2522720
192678;18539217;1082663
192679;06230932;846474
192680;33828139;943037
192681;9831829;72005
192682;01846359;1081785
192683;18539217;1794832
192684;67821984;439634
192685;18581928;422163
192686;02838109;1530039
192687;18581928;2564732
192688;05159822;2268494
192689;92019399;372781
192690;01846359;135810
192691;67821984;1194064
192692;33828139;169271
192693;33828139;995267
192694;18539217;2387904
192695;06230932;272233
192696;05159822;1382860
192697;02838109;2612891
192698;01846359;2702159
192699;33828139;2854984
192700;33828139;885678
192701;06230932;1311614
192702;02838109;2963679
192703;9831829;1882139
192704;01846359;192795
192705;06230932;795336
192706;02838109;538460
192707;67821984;2876033
192708;9831829;1629355
192709;06230932;509872
192710;67821984;896540
192711;02838109;738206
192712;33828139;2343238
192713;18539217;913050
192714;06230932;648863
192715;92019399;2278074
192716;02838109;2425045
192717;33828139;1201211
192718;01846359;2757791
192719;05159822;1053866
192720;18581928;612636
192721;18581928;2377415
192722;33828139;532091
192723;05159822;2684942
192724;01846359;1287073
192725;67821984;1283119
192726;05159822;1954576
192727;18539217;2192857
192728;9831829;2469778
192729;06230932;473777
192730;92019399;2266002
192731;06230932;496982
192732;05159822;1471314
192733;9831829;2009574
192734;05159822;2226230
192735;33828139;747797
192736;67821984;1344999
192737;06230932;585591
192738;05159822;1877026
192739;9831829;953908
192740;92019399;1609881
192741;67821984;2893394
192742;18581928;419722
192743;67821984;2230043
192744;67821984;1979958
192745;18581928;1268955
192746;33828139;1841225
192747;33828139;45983
192748;06230932;1479824
192749;05159822;103879
192750;06230932;161981
192751;18581928;2891634
192752;06230932;2193139
192753;02838109;932124
192754;92019399;767651
192755;9831829;1010844
192756;01846359;2097944
192757;18581928;2239885
192758;18539217;2510881
192759;01846359;1012744
192760;01846359;910619
192761;9831829;1950538
192762;18581928;806938
192763;05159822;2092715
192764;18539217;595808
192765;05159822;1082367
192766;33828139;1539892
192767;33828139;2674191
192768;9831829;2095771
192769;9831829;695776
192770;18539217;1292929
192771;67821984;1112825
192772;92019399;1376036
192773;18539217;1578956
192774;18539217;794149
192775;06230932;1128841
192776;67821984;2409788
192777;18581928;2862005
192778;05159822;914437
192779;18539217;127826
192780;18539217;2691938
192781;06230932;2245700
192782;05159822;2365034
192783;06230932;775650
192784;05159822;-18361
192785;06230932;903166
192786;92019399;2530785
192787;92019399;1937473
192788;33828139;1003858
192789;92019399;261791
192790;06230932;2069200
192791;05159822;2209446
192792;01846359;1763766
192793;18539217;1312056
192794;05159822;1685792
192795;06230932;2481874
192796;9831829;1456137
192797;01846359;991923
192798;18539217;2416798
192799;02838109;305361
192800;18581928;172174
192801;67821984;391658
192802;92019399;2708855
192803;18581928;2765289
192804;01846359;1191665
192805;01846359;1839222
192806;33828139;224949
192807;9831829;554756
192808;18539217;940125
192809;02838109;2580065
192810;18581928;595235
192811;05159822;1689275
192812;18539217;2986109
192813;18581928;1165805
192814;9831829;1902895
192815;18581928;1612653
192816;18581928;2336774
192817;9831829;1017423
192818;01846359;835472
192819;67821984;618939
192820;18581928;1187312
192821;02838109;3615
192822;67821984;255653
192823;01846359;1471566
192824;67821984;467144
192825;05159822;1602827
192826;92019399;1566329
192827;9831829;743217
192828;92019399;2770293
192829;18581928;1024968
192830;9831829;306729
192831;67821984;2087630
192832;18539217;2138030
192833;9831829;2112418
192834;33828139;2996181
192835;33828139;1540981
192836;05159822;2779449
192837;01846359;262985
192838;02838109;2136732
192839;67821984;826538
192840;92019399;2574935
192841;33828139;1889809
192842;33828139;1254761
192843;18581928;2958529
192844;9831829;2394904
192845;67821984;362646
192846;92019399;102423
192847;02838109;654432
192848;92019399;2698736
192849;67821984;1980573
192850;33828139;735126
192851;9831829;1051617
192852;92019399;698592
192853;02838109;2158308
192854;9831829;2514857
192855;02838109;1286607
192856;67821984;2128987
192857;18581928;70624
192858;06230932;1376767
192859;33828139;1935410
192860;02838109;781361
192861;05159822;2633877
192862;92019399;1583240
192863;67821984;97971
192864;01846359;1981999
192865;18539217;240407
192866;01846359;1375051
192867;92019399;2889469
192868;06230932;2826726
192869;9831829;415214
192870;67821984;331044
192871;33828139;1878516
192872;01846359;1359144
192873;18539217;2537167
192874;92019399;1466514
192875;9831829;687696
192876;92019399;1877627
192877;92019399;29957
192878;01846359;1455170
192879;18581928;1348823
192880;01846359;1120057
192881;92019399;1161998
192882;92019399;2615004
192883;92019399;1118582
192884;18539217;818352
192885;05159822;2197443
192886;67821984;2742491
192887;02838109;768468
192888;02838109;987036
192889;33828139;2005680
192890;9831829;121572
192891;01846359;1776723
192892;67821984;2035591
192893;18539217;1385553
192894;33828139;1544666
192895;18539217;2504198
192896;9831829;4395
192897;33828139;1377475
192898;9831829;623816
192899;18539217;2346922
192900;67821984;2106395
192901;18539217;2271808
192902;18539217;2523672
192903;18539217;920671
192904;33828139;1191956
192905;01846359;1468855
192906;05159822;664885
192907;18539217;1079865
192908;33828139;2761024
192909;92019399;1139873
192910;92019399;2083075
192911;92019399;2747000
192912;02838109;2827705
192913;18581928;936114
192914;06230932;1495369
192915;67821984;2090822
192916;18539217;1538704
192917;9831829;2367779
192918;92019399;1051776
192919;02838109;569793
192920;01846359;1378278
192921;18581928;2962520
192922;01846359;614206
192923;05159822;549230
192924;9831829;1338300
192925;06230932;608044
192926;06230932;2749738
192927;01846359;986530
192928;92019399;1214648
192929;33828139;2408695
192930;92019399;996631
192931;67821984;954740
192932;06230932;69254
192933;9831829;831928
192934;06230932;114835
192935;01846359;2439897
192936;01846359;546512
192937;01846359;1224295
192938;33828139;2313717
192939;18581928;2934949
192940;18539217;2181964
192941;67821984;1435261
192942;18581928;647785
192943;01846359;1500137
192944;02838109;2493661
192945;9831829;446647
192946;33828139;306335
192947;92019399;280796
192948;9831829;524291
192949;05159822;1506537
192950;18581928;1673763
192951;67821984;703821
192952;33828139;1151847
192953;05159822;2322877
192954;92019399;2696492
192955;9831829;1127816
192956;18539217;2781248
192957;06230932;689603
192958;9831829;1748166
192959;33828139;1156272
192960;02838109;1220715
192961;01846359;2126564
192962;05159822;1118878
192963;92019399;2145456
192964;05159822;1649435
192965;92019399;1221766
192966;06230932;1657551
192967;67821984;479852
192968;18581928;470492
192969;92019399;1433661
192970;67821984;4523
192971;92019399;2265293
192972;02838109;43665
192973;18581928;2065958
192974;18539217;531930
192975;01846359;2423891
192976;02838109;615978
192977;01846359;2931864
192978;05159822;1108818
192979;18581928;2381953
192980;33828139;217420
192981;92019399;504584
192982;18581928;2236261
192983;33828139;1684603
192984;33828139;1918672
192985;92019399;2619943
192986;18539217;2006542
192987;02838109;72992
192988;9831829;2962381
192989;67821984;1797232
192990;01846359;1543700
192991;18539217;606105
192992;01846359;2487679
192993;02838109;792492
192994;18581928;178596
192995;05159822;1880836
192996;06230932;216678
192997;92019399;1893945
192998;9831829;833507
192999;05159822;755771
193000;01846359;2184580
193001;18539217;1912740
193002;9831829;1048427
193003;02838109;899720
193004;9831829;2898186
193005;02838109;896992
193006;33828139;2218091
193007;06230932;2400800
193008;9831829;591001
193009;18539217;868865
193010;9831829;1149628
193011;18581928;221303
193012;02838109;2333128
193013;92019399;2894337
193014;18581928;1262512
193015;06230932;648370
193016;06230932;2264841
193017;67821984;119195
193018;18581928;1596722
193019;06230932;802806
193020;01846359;61150
193021;02838109;2902355
193022;05159822;1725723
193023;05159822;2886431
193024;92019399;1585483
193025;05159822;936979
193026;92019399;1048752
193027;18539217;1006029
193028;01846359;1217794
193029;9831829;2901553
193030;33828139;1478166
193031;01846359;440909
193032;67821984;1117662
193033;18539217;2711114
193034;33828139;975034
193035;33828139;234447
193036;33828139;87172
193037;18539217;2395582
193038;67821984;2586014
193039;18581928;1020542
193040;67821984;1588995
193041;06230932;2447031
193042;06230932;513482
193043;18581928;2544450
193044;02838109;775059
193045;33828139;381489
193046;06230932;1020200
193047;02838109;1334125
193048;05159822;2032063
193049;05159822;1527360
193050;02838109;1023048
193051;01846359;1934886
193052;67821984;1421556
193053;02838109;2135235
193054;67821984;1023234
193055;06230932;1076897
193056;05159822;195146
193057;92019399;2619492
193058;92019399;1454703
193059;18581928;548235
193060;67821984;1425156
193061;9831829;1637845
193062;01846359;2783044
193063;18539217;1934519
193064;06230932;1560275
193065;9831829;1491860
193066;18539217;2512392
193067;67821984;687467
193068;33828139;1392589
193069;05159822;1194981
193070;67821984;2264455
193071;18539217;491424
193072;05159822;2121905
193073;67821984;488688
193074;06230932;2149110
193075;05159822;2144854
193076;67821984;2794085
193077;02838109;2589425
193078;01846359;91095
193079;02838109;1207670
193080;02838109;1083170
193081;18539217;2871724
193082;01846359;44625
193083;18539217;1817066
193084;01846359;2934845
193085;33828139;440728
193086;06230932;1950755
193087;18539217;29219
193088;01846359;313258
193089;92019399;1723928
193090;18581928;1522525
193091;92019399;1503014
193092;02838109;2759362
193093;05159822;103148
193094;18581928;1044838
193095;01846359;2854757
193096;01846359;1578752
193097;02838109;2361675
193098;01846359;1527419
193099;33828139;2968500
193100;92019399;2955808
193101;18581928;2798858
193102;18581928;90437
193103;18581928;1841352
193104;18539217;1238700
193105;02838109;718126
193106;33828139;47704
193107;33828139;2401996
193108;9831829;2403736
193109;06230932;621734
193110;01846359;238596
193111;02838109;528254
193112;92019399;1708478
193113;02838109;2454085
193114;92019399;1225573
193115;18539217;195063
193116;67821984;2208819
193117;18539217;1658301
193118;05159822;1070129
193119;18581928;2211142
193120;18539217;1581859
193121;18581928;1989859
193122;92019399;1257460
193123;9831829;478137
193124;92019399;1766548
193125;05159822;1765790
193126;9831829;462002
193127;33828139;2595524
193128;06230932;1805145
193129;02838109;1878385
193130;18539217;2209632
193131;9831829;1510650
193132;05159822;1253829
193133;01846359;2645746
193134;01846359;359915
193135;67821984;2299232
193136;01846359;1655976
193137;92019399;2485181
193138;18539217;2927875
193139;33828139;234988
193140;01846359;573682
193141;01846359;2054030
193142;67821984;759543
193143;9831829;702324
193144;05159822;1935473
193145;18581928;1597129
193146;92019399;1774300
193147;18539217;1202723
193148;05159822;2463954
193149;05159822;446137
193150;9831829;1843031
193151;92019399;1883684
193152;9831829;1762004
193153;18539217;322633
193154;18539217;1602964
193155;92019399;69992
193156;18581928;2320160
193157;18581928;2095598
193158;01846359;63609
193159;18539217;674128
193160;67821984;1522932
193161;18581928;509579
193162;05159822;1614073
193163;18581928;1099532
193164;05159822;368549
193165;33828139;356513
193166;05159822;2457411
193167;18581928;358249
193168;06230932;1361513
193169;06230932;2424983
193170;01846359;2331858
193171;92019399;475395
193172;02838109;393684
193173;02838109;2301539
193174;06230932;1742369
193175;33828139;685311
193176;18539217;2086313
193177;01846359;677591
193178;01846359;2183146
193179;67821984;1929256
193180;33828139;2950239
193181;02838109;1345472
193182;05159822;2088204
193183;01846359;850473
193184;18581928;1983803
193185;18539217;919965
193186;92019399;1516958
193187;33828139;2805417
193188;06230932;2615385
193189;67821984;437253
193190;67821984;873582
193191;9831829;915168
193192;92019399;1644815
193193;06230932;597599
193194;01846359;1732045
193195;33828139;1949523
193196;92019399;2967171
193197;67821984;534061
193198;18581928;2803105
193199;67821984;1123444
193200;01846359;803464
193201;18581928;200971
193202;92019399;1390274
193203;06230932;1164140
193204;06230932;931885
193205;18581928;2794675
193206;06230932;2093739
193207;06230932;2003419
193208;67821984;2147433
193209;18581928;636553
193210;18581928;1893028
193211;9831829;2516056
193212;9831829;1937370
193213;01846359;2639614
193214;06230932;211757
193215;18581928;2381062
193216;02838109;901113
193217;92019399;870480
193218;92019399;-4692
193219;33828139;14189
193220;92019399;917830
193221;18581928;2695257
193222;18581928;2090545
193223;18539217;1626313
193224;33828139;80088
193225;92019399;1759315
193226;67821984;1160374
193227;92019399;1129425
193228;02838109;2744740
193229;06230932;2742453
193230;06230932;2960317
193231;18581928;2834612
193232;33828139;2374492
193233;92019399;2944638
193234;02838109;2572314
193235;18539217;1094952
193236;05159822;2676514
193237;9831829;2959183
193238;06230932;366088
193239;92019399;200227
193240;67821984;242878
193241;01846359;-4344
193242;92019399;1503199
193243;18539217;1232707
193244;05159822;1933198
193245;18581928;1155515
193246;92019399;1209631
193247;18581928;199321
193248;06230932;2907672
193249;05159822;117333
193250;18539217;111104
193251;92019399;605841
193252;02838109;2314981
193253;01846359;614936
193254;33828139;2413511
193255;01846359;2321523
193256;9831829;1412417
193257;01846359;1678691
193258;9831829;894464
193259;67821984;809240
193260;05159822;1513187
193261;05159822;1016604
193262;06230932;2080734
193263;01846359;66748
193264;33828139;2626770
193265;05159822;1562781
193266;05159822;1035351
193267;06230932;2024270
193268;06230932;1092433
193269;9831829;1885503
193270;67821984;2956480
193271;02838109;1878804
193272;92019399;953100
193273;67821984;360073
193274;18539217;78005
193275;9831829;687398
193276;06230932;2794099
193277;05159822;910751
193278;18581928;2168016
193279;92019399;132111
193280;33828139;1744605
193281;92019399;1102594
193282;06230932;732896
193283;18581928;1892836
193284;33828139;2314299
193285;18539217;1996618
193286;92019399;2483317
193287;02838109;179636
193288;18539217;550623
193289;05159822;2179372
193290;02838109;1419803
193291;67821984;1170040
193292;05159822;1000162
193293;67821984;1077706
193294;02838109;232638
193295;67821984;1055442
193296;67821984;2018389
193297;92019399;1589974
193298;18539217;204734
193299;67821984;1532654
193300;18539217;2422559
193301;06230932;1754497
193302;33828139;775627
193303;9831829;2374447
193304;01846359;1254108
193305;18581928;644250
193306;33828139;882835
193307;01846359;2620253
193308;18539217;1270332
193309;01846359;2755113
193310;18581928;1724645
193311;33828139;316446
193312;92019399;2280171
193313;9831829;800850
193314;67821984;505262
193315;01846359;1951957
193316;18539217;1018316
193317;05159822;1509606
193318;06230932;-5530
193319;01846359;1530111
193320;33828139;1291995
193321;9831829;1974987
193322;67821984;2243537
193323;02838109;1042736
193324;18581928;1940026
193325;06230932;1348618
193326;67821984;1027496
193327;06230932;939997
193328;9831829;244283
193329;9831829;1810432
193330;33828139;553343
193331;92019399;451186
193332;9831829;799417
193333;92019399;1290988
193334;18581928;323749
193335;06230932;2503313
193336;05159822;949950
193337;02838109;1409147
193338;18581928;2325639
193339;67821984;580088
193340;33828139;216146
193341;01846359;1896808
193342;06230932;1249039
193343;33828139;797227
193344;33828139;2123627
193345;9831829;1807881
193346;18581928;1728212
193347;33828139;1374711
193348;33828139;2908126
193349;18539217;2238146
193350;06230932;819412
193351;92019399;1017493
193352;05159822;1412718
193353;02838109;2679131
193354;05159822;2796868
193355;01846359;743787
193356;18581928;1121824
193357;67821984;2623686
193358;92019399;1234285
193359;9831829;2680317
193360;02838109;508673
193361;05159822;1131069
193362;18581928;1292706
193363;9831829;1533118
193364;05159822;-22
193365;9831829;1108380
193366;01846359;244097
193367;05159822;2020244
193368;02838109;2598461
193369;92019399;685600
193370;18539217;944128
193371;02838109;2526399
193372;06230932;1004534
193373;01846359;2294227
193374;67821984;2125315
193375;01846359;1185003
193376;02838109;1662449
193377;06230932;1902868
193378;01846359;229332
193379;18581928;882825
193380;01846359;1208985
193381;9831829;1789214
193382;9831829;150205
193383;05159822;1347311
193384;9831829;823024
193385;92019399;683730
193386;02838109;2416743
193387;05159822;1539350
193388;18539217;2508894
193389;92019399;1398988
193390;92019399;2727148
193391;18581928;822920
193392;18581928;1606835
193393;92019399;797786
193394;18539217;677910
193395;02838109;1944018
193396;92019399;2009306
193397;06230932;2211942
193398;01846359;742422
193399;33828139;633601
193400;05159822;2898676
193401;05159822;766240
193402;02838109;1110280
193403;92019399;167418
193404;92019399;2576126
193405;18581928;1576585
193406;05159822;2892767
193407;01846359;2270503
193408;02838109;14891
193409;92019399;406647
193410;9831829;2519555
193411;92019399;1778852
193412;02838109;1179422
193413;67821984;377660
193414;01846359;1718482
193415;18539217;2258100
193416;06230932;1930389
193417;92019399;2929946
193418;18539217;1694543
193419;05159822;196635
193420;01846359;499429
193421;02838109;592831
193422;92019399;2026597
193423;92019399;2385025
193424;67821984;545375
193425;9831829;714313
193426;01846359;794831
193427;01846359;2756578
193428;9831829;715100
193429;06230932;2860255
193430;18581928;203397
193431;06230932;797493
193432;05159822;1863763
193433;01846359;2002981
193434;92019399;23270
193435;33828139;2888068
193436;18581928;1697910
193437;05159822;2468806
193438;01846359;2527749
193439;18539217;2482225
193440;92019399;-17995
193441;67821984;1020955
193442;01846359;2242410
193443;06230932;75187
193444;05159822;2862196
193445;18581928;60484
193446;33828139;2056895
193447;67821984;2970131
193448;18581928;448394
193449;67821984;222163
193450;01846359;1758634
193451;9831829;516762
193452;05159822;187197
193453;18539217;1168792
193454;02838109;750333
193455;06230932;1333209
193456;05159822;813488
193457;18539217;867217
193458;33828139;242963
193459;92019399;1664693
193460;02838109;1006075
193461;18581928;542030
193462;18539217;340985
193463;01846359;937890
193464;33828139;978657
193465;18581928;2490268
193466;92019399;101487
193467;06230932;158281
193468;02838109;2785812
193469;06230932;1993980
193470;18539217;2377229
193471;02838109;229885
193472;01846359;1242845
193473;18581928;2551757
193474;02838109;238706
193475;18581928;2383002
193476;92019399;1388717
193477;92019399;128025
193478;92019399;821599
193479;18581928;2396258
193480;67821984;1143031
193481;18581928;424259
193482;67821984;19297
193483;18539217;1436885
193484;18539217;2449938
193485;01846359;1504327
193486;18539217;2440113
193487;02838109;1280347
193488;33828139;462578
193489;01846359;62905
193490;92019399;1095085
193491;33828139;7770
193492;33828139;666678
193493;01846359;2155105
193494;18581928;2159122
193495;9831829;922327
193496;33828139;2526881
193497;9831829;1675650
193498;92019399;2543405
193499;67821984;251614
193500;01846359;-9433
193501;67821984;1059559
193502;33828139;1972378
193503;01846359;1016008
193504;92019399;2103698
193505;02838109;922935
193506;06230932;1017350
193507;92019399;218184
193508;06230932;2205271
193509;01846359;280092
193510;9831829;2575651
193511;01846359;182646
193512;01846359;1731640
193513;92019399;2042974
193514;9831829;1602205
193515;05159822;568062
193516;9831829;2755080
193517;01846359;1401766
193518;33828139;2749642
193519;02838109;2425150
193520;18539217;1454543
193521;92019399;2679766
193522;01846359;383656
193523;67821984;2527815
193524;18581928;2047233
193525;06230932;2168972
193526;92019399;1716619
193527;18581928;2934999
193528;18581928;1028391
193529;06230932;2640956
193530;92019399;2586139
193531;92019399;2998345
193532;33828139;2209682
193533;18539217;320985
193534;02838109;649604
193535;33828139;408710
193536;18539217;1991905
193537;05159822;1883751
193538;67821984;263327
193539;33828139;1335361
193540;33828139;2143679
193541;02838109;2199331
193542;02838109;1977648
193543;05159822;2305369
193544;06230932;1810356
193545;9831829;2190203
193546;18539217;2660954
193547;18539217;451441
193548;02838109;1471686
193549;92019399;1957174
193550;33828139;1972908
193551;18539217;2130767
193552;9831829;2153859
193553;01846359;366046
193554;06230932;777474
193555;01846359;1495710
193556;01846359;104812
193557;18539217;655791
193558;33828139;2613878
193559;02838109;415747
193560;18581928;2468904
193561;33828139;1210224
193562;01846359;240612
193563;06230932;2691212
193564;18539217;2346278
193565;01846359;2265375
193566;02838109;1170254
193567;18539217;34594
193568;18539217;172715
193569;05159822;2639697
193570;06230932;1860546
193571;06230932;2477976
193572;18581928;2520592
193573;02838109;2346932
193574;92019399;1348328
193575;18581928;1764411
193576;33828139;1306210
193577;9831829;1300847
193578;9831829;881706
193579;18539217;1509837
193580;05159822;1376409
193581;18581928;2731593
193582;02838109;1250451
193583;92019399;1890286
193584;67821984;2027042
193585;18539217;2441182
193586;18581928;956549
193587;33828139;320750
193588;92019399;2056878
193589;92019399;1987507
193590;06230932;2015764
193591;9831829;2140958
193592;02838109;2311717
193593;18581928;2978433
193594;05159822;168663
193595;18539217;1831771
193596;33828139;2818459
193597;05159822;487995
193598;33828139;1318269
193599;02838109;382809
193600;9831829;915330
193601;01846359;1474911
193602;05159822;1440359
193603;92019399;2790038
193604;18539217;1602083
193605;18581928;2279153
193606;18539217;661345
193607;01846359;2017424
193608;92019399;1198932
193609;33828139;1086939
193610;9831829;2498479
193611;01846359;2759834
193612;05159822;2262023
193613;01846359;813831
193614;06230932;1829733
193615;05159822;632617
193616;02838109;529357
193617;18581928;1164020
193618;01846359;1364704
193619;05159822;2710532
193620;18539217;397110
193621;02838109;675395
193622;18581928;99264
193623;67821984;2532904
193624;18539217;1998984
193625;01846359;510551
193626;02838109;1524780
193627;18581928;1170805
193628;18539217;2971136
193629;01846359;378564
193630;9831829;1605620
193631;18581928;2399296
193632;92019399;2804659
193633;67821984;1898235
193634;18581928;1483928
193635;05159822;66109
193636;02838109;23095
193637;06230932;2569094
193638;92019399;877840
193639;9831829;442922
193640;18581928;2012149
193641;05159822;1282262
193642;92019399;1382369
193643;33828139;1918691
193644;67821984;1285278
193645;92019399;463873
193646;18539217;1849097
193647;01846359;878864
193648;06230932;2809775
193649;67821984;88120
193650;05159822;460895
193651;06230932;801376
193652;02838109;1011975
193653;18581928;171889
193654;05159822;2933304
193655;67821984;2785340
193656;9831829;1112227
193657;06230932;747834
193658;06230932;738126
193659;18539217;2780188
193660;18581928;2914766
193661;92019399;1864690
193662;01846359;2653353
193663;67821984;349056
193664;92019399;1670086
193665;92019399;2354766
193666;33828139;2726347
193667;01846359;1745633
193668;18539217;2754500
193669;92019399;473996
193670;67821984;1918140
193671;33828139;2355298
193672;06230932;1720354
193673;01846359;755780
193674;06230932;1717976
193675;9831829;2744908
193676;01846359;466380
193677;33828139;2422111
193678;05159822;819890
193679;05159822;2297533
193680;02838109;470256
193681;67821984;1360403
193682;33828139;1560458
193683;9831829;132673
193684;05159822;1461326
193685;06230932;1723642
193686;9831829;2003726
193687;02838109;1412499
193688;9831829;1132666
193689;9831829;1573067
193690;05159822;2486267
193691;92019399;414724
193692;18539217;15675
193693;33828139;2498776
193694;33828139;564803
193695;18539217;2532088
193696;33828139;492481
193697;02838109;288191
193698;9831829;2666350
193699;18581928;2983759
193700;18581928;626773
193701;02838109;2917349
193702;67821984;338600
193703;05159822;116302
193704;01846359;32430
193705;9831829;1723402
193706;06230932;1998944
193707;92019399;2416007
193708;33828139;2812311
193709;67821984;2396535
193710;18539217;2262162
193711;01846359;1342053
193712;9831829;1437822
193713;01846359;979020
193714;67821984;884840
193715;02838109;1840752
193716;01846359;698825
193717;67821984;1576369
193718;18581928;2257290
193719;02838109;1918569
193720;9831829;286529
193721;9831829;1553829
193722;67821984;2303679
193723;18539217;2423256
193724;05159822;674214
193725;18581928;2754863
193726;18539217;1175049
193727;92019399;2008182
193728;01846359;1736647
193729;06230932;2690243
193730;02838109;922209
193731;05159822;721091
193732;18581928;220976
193733;18539217;1795256
193734;05159822;1354162
193735;33828139;2147109
193736;9831829;628021
193737;01846359;2664084
193738;05159822;2578845
193739;18581928;2506526
193740;05159822;1910867
193741;18581928;2962283
193742;18581928;469610
193743;02838109;2301559
193744;18539217;1977780
193745;9831829;1232731
193746;67821984;2075138
193747;05159822;1338322
193748;18539217;2576223
193749;18539217;2216975
193750;33828139;1420622
193751;33828139;735918
193752;01846359;1566430
193753;02838109;2293080
193754;18581928;1308744
193755;18539217;2029958
193756;01846359;2316078
193757;18539217;2178067
193758;9831829;2896539
193759;01846359;76194
193760;9831829;583727
193761;67821984;474821
193762;01846359;1238935
193763;06230932;163782
193764;92019399;908863
193765;67821984;2421854
193766;18581928;2972659
193767;06230932;1116076
193768;06230932;2461910
193769;33828139;1144172
193770;18581928;1939461
193771;18539217;1734858
193772;67821984;2452757
193773;67821984;611050
193774;92019399;2099799
193775;67821984;2655366
193776;18539217;1522654
193777;33828139;396067
193778;18539217;1522069
193779;01846359;285856
193780;18581928;1920830
193781;18581928;2877516
193782;05159822;1156637
193783;18539217;1743332
193784;06230932;1403232
193785;67821984;630311
193786;02838109;1505186
193787;9831829;2928030
193788;18539217;2898510
193789;05159822;1506494
193790;02838109;2600116
193791;67821984;1743497
193792;02838109;2908895
193793;9831829;1129697
193794;06230932;172924
193795;02838109;2014976
193796;02838109;2799842
193797;9831829;2886553
193798;05159822;75904
193799;02838109;2862395
193800;06230932;2963452
193801;9831829;781282
193802;67821984;1291334
193803;06230932;829665
193804;92019399;141724
193805;05159822;2310037
193806;02838109;1157099
193807;05159822;813322
193808;18581928;1196272
193809;02838109;2117268
193810;05159822;875865
193811;06230932;2244933
193812;01846359;2422737
193813;9831829;1279195
193814;9831829;1969137
193815;92019399;1701573
193816;9831829;2731541
193817;9831829;708570
193818;92019399;2042797
193819;18539217;508143
193820;05159822;1424813
193821;33828139;2498519
193822;18539217;1194784
193823;01846359;787560
193824;06230932;747138
193825;18539217;1539252
193826;9831829;913412
193827;33828139;548478
193828;92019399;2316210
193829;05159822;1267621
193830;01846359;310168
193831;18581928;2541925
193832;33828139;290630
193833;05159822;2116358
193834;02838109;351915
193835;67821984;2072689
193836;92019399;42526
193837;01846359;100687
193838;33828139;743539
193839;18581928;2507966
193840;18581928;1844215
193841;18539217;323287
193842;18539217;2361897
193843;06230932;1179308
193844;9831829;655239
193845;06230932;1048070
193846;67821984;191389
193847;05159822;971876
193848;18581928;835677
193849;06230932;75323
193850;33828139;722743
193851;01846359;2080590
193852;06230932;567306
193853;01846359;2423479
193854;02838109;1651350
193855;02838109;2056843
193856;18539217;352022
193857;01846359;2288783
193858;01846359;668989
193859;02838109;74018
193860;06230932;637047
193861;05159822;2273548
193862;18539217;678432
193863;02838109;1065012
193864;01846359;2318751
193865;06230932;2569873
193866;06230932;2901651
193867;06230932;903847
193868;33828139;-14630
193869;02838109;2321224
193870;05159822;2728382
193871;92019399;1235392
193872;05159822;391876
193873;02838109;361271
193874;33828139;584344
193875;01846359;298539
193876;02838109;1956034
193877;02838109;1528818
193878;01846359;1080986
193879;9831829;246417
193880;01846359;1320359
193881;02838109;129250
193882;67821984;1288667
193883;33828139;1061104
193884;18581928;181929
193885;06230932;2744006
193886;33828139;916957
193887;06230932;2545773
193888;9831829;2361693
193889;02838109;1567164
193890;67821984;948336
193891;18539217;1969549
193892;9831829;2450129
193893;92019399;1252646
193894;67821984;1436881
193895;9831829;-8202
193896;18539217;1469950
193897;02838109;2728722
193898;67821984;2978982
193899;18581928;2246895
193900;9831829;1561629
193901;33828139;2102205
193902;06230932;511010
193903;67821984;1835471
193904;18539217;1241780
193905;33828139;1951959
193906;02838109;1639199
193907;02838109;799035
193908;67821984;447108
193909;67821984;2669490
193910;33828139;1284806
193911;92019399;951730
193912;33828139;1620974
193913;05159822;1632234
193914;06230932;827538
193915;18539217;2324201
193916;06230932;1232277
193917;02838109;2019923
193918;9831829;1937516
193919;06230932;2063276
193920;33828139;1954758
193921;02838109;1663659
193922;67821984;2270614
193923;18581928;354652
193924;18581928;111081
193925;18539217;1390170
193926;01846359;1411114
193927;67821984;2343685
193928;92019399;2410501
193929;9831829;828256
193930;05159822;145833
193931;18581928;1405035
193932;18539217;2834555
193933;18581928;627317
193934;18581928;2852178
193935;02838109;946010
193936;92019399;1889771
193937;92019399;2235761
193938;33828139;569745
193939;06230932;1793973
193940;9831829;780584
193941;33828139;2796641
193942;06230932;837540
193943;9831829;1548689
193944;18581928;2456202
193945;02838109;2214251
193946;92019399;1961057
193947;06230932;358776
193948;05159822;2847843
193949;18539217;741649
193950;92019399;927355
193951;06230932;461177
193952;9831829;127252
193953;92019399;1221653
193954;9831829;2445068
193955;05159822;2208180
193956;01846359;2376909
193957;67821984;95812
193958;67821984;2691637
193959;01846359;2482675
193960;06230932;1606941
193961;02838109;2524673
193962;01846359;2888517
193963;33828139;1296253
193964;18539217;421128
193965;01846359;2902372
193966;05159822;103753
193967;02838109;381909
193968;9831829;1796892
193969;67821984;447423
193970;9831829;172959
193971;92019399;2195312
193972;01846359;1849832
193973;05159822;828692
193974;18581928;1740220
193975;92019399;1357242
193976;01846359;420558
193977;92019399;2849500
193978;05159822;2967556
193979;18539217;769895
193980;33828139;113988
193981;01846359;736517
193982;18539217;2068662
193983;67821984;1151160
193984;92019399;2177647
193985;67821984;2029711
193986;02838109;1642575
193987;67821984;1760675
193988;05159822;2355226
193989;18581928;2396002
193990;33828139;1769769
193991;05159822;1797281
193992;67821984;1713457
193993;01846359;-7941
193994;06230932;288206
193995;18539217;2384850
193996;33828139;1770530
193997;18539217;1005908
193998;67821984;1705478
193999;67821984;2726869
194000;02838109;410933
194001;18581928;486254
194002;06230932;682204
194003;01846359;-10221
194004;01846359;482315
194005;02838109;886646
194006;02838109;1083324
194007;92019399;2130641
194008;18581928;2762369
194009;92019399;1736042
194010;18581928;317076
194011;9831829;1570027
194012;06230932;813998
194013;06230932;1474597
194014;67821984;2499192
194015;06230932;2051781
194016;67821984;478537
194017;05159822;1889804
194018;18539217;2071650
194019;92019399;1833536
194020;33828139;233571
194021;92019399;1403500
194022;02838109;1407554
194023;05159822;1388967
194024;01846359;619603
194025;33828139;2615096
194026;01846359;501997
194027;33828139;2792626
194028;18581928;2676463
194029;18539217;2971941
194030;01846359;1589534
194031;02838109;1679507
